chunk_id,chunk_text,head,head_type,relation,relation_url,tail,tail_type,confidence,jsonld
0,第一集：桃园三结义东汉末年，汉桓帝年幼，外戚专权，宦官干政。桓帝死后，灵帝继位，权力落在十常侍手中。他们卖官害民、横征暴敛，官逼民反，终于在东汉灵帝光和七年（公元184年）正月，爆发了席卷中原的黄巾起义。汉灵帝命地主豪强领兵镇压，各州募兵守备。招兵告示张贴在涿县城门口。围观群众中，有一位红脸大汉，他叫关羽，是河东解县人，因在家乡杀了豪强，流落到涿县，以卖绿豆为生。人群中还有一人看了榜文，叹了一口气。一个黑脸大汉见了，向叹气的人说道：“大丈夫不为国家出力，反在此长叹，何为大丈夫？”那个叹气的青年名叫刘备，本是汉室宗亲，幼年丧父，跟母亲流落涿县，靠编席贩屦糊口。,东汉末,Text,对手,,关羽,历史人物,0.8685,{}
0,第一集：桃园三结义东汉末年，汉桓帝年幼，外戚专权，宦官干政。桓帝死后，灵帝继位，权力落在十常侍手中。他们卖官害民、横征暴敛，官逼民反，终于在东汉灵帝光和七年（公元184年）正月，爆发了席卷中原的黄巾起义。汉灵帝命地主豪强领兵镇压，各州募兵守备。招兵告示张贴在涿县城门口。围观群众中，有一位红脸大汉，他叫关羽，是河东解县人，因在家乡杀了豪强，流落到涿县，以卖绿豆为生。人群中还有一人看了榜文，叹了一口气。一个黑脸大汉见了，向叹气的人说道：“大丈夫不为国家出力，反在此长叹，何为大丈夫？”那个叹气的青年名叫刘备，本是汉室宗亲，幼年丧父，跟母亲流落涿县，靠编席贩屦糊口。,东汉末,Text,对手,,河东,地点,0.8600,{}
0,第一集：桃园三结义东汉末年，汉桓帝年幼，外戚专权，宦官干政。桓帝死后，灵帝继位，权力落在十常侍手中。他们卖官害民、横征暴敛，官逼民反，终于在东汉灵帝光和七年（公元184年）正月，爆发了席卷中原的黄巾起义。汉灵帝命地主豪强领兵镇压，各州募兵守备。招兵告示张贴在涿县城门口。围观群众中，有一位红脸大汉，他叫关羽，是河东解县人，因在家乡杀了豪强，流落到涿县，以卖绿豆为生。人群中还有一人看了榜文，叹了一口气。一个黑脸大汉见了，向叹气的人说道：“大丈夫不为国家出力，反在此长叹，何为大丈夫？”那个叹气的青年名叫刘备，本是汉室宗亲，幼年丧父，跟母亲流落涿县，靠编席贩屦糊口。,东汉末,Text,对手,,刘备,历史人物,0.8703,{}
0,第一集：桃园三结义东汉末年，汉桓帝年幼，外戚专权，宦官干政。桓帝死后，灵帝继位，权力落在十常侍手中。他们卖官害民、横征暴敛，官逼民反，终于在东汉灵帝光和七年（公元184年）正月，爆发了席卷中原的黄巾起义。汉灵帝命地主豪强领兵镇压，各州募兵守备。招兵告示张贴在涿县城门口。围观群众中，有一位红脸大汉，他叫关羽，是河东解县人，因在家乡杀了豪强，流落到涿县，以卖绿豆为生。人群中还有一人看了榜文，叹了一口气。一个黑脸大汉见了，向叹气的人说道：“大丈夫不为国家出力，反在此长叹，何为大丈夫？”那个叹气的青年名叫刘备，本是汉室宗亲，幼年丧父，跟母亲流落涿县，靠编席贩屦糊口。,关羽,历史人物,对手,,河东,地点,0.6417,{}
0,第一集：桃园三结义东汉末年，汉桓帝年幼，外戚专权，宦官干政。桓帝死后，灵帝继位，权力落在十常侍手中。他们卖官害民、横征暴敛，官逼民反，终于在东汉灵帝光和七年（公元184年）正月，爆发了席卷中原的黄巾起义。汉灵帝命地主豪强领兵镇压，各州募兵守备。招兵告示张贴在涿县城门口。围观群众中，有一位红脸大汉，他叫关羽，是河东解县人，因在家乡杀了豪强，流落到涿县，以卖绿豆为生。人群中还有一人看了榜文，叹了一口气。一个黑脸大汉见了，向叹气的人说道：“大丈夫不为国家出力，反在此长叹，何为大丈夫？”那个叹气的青年名叫刘备，本是汉室宗亲，幼年丧父，跟母亲流落涿县，靠编席贩屦糊口。,关羽,历史人物,对手,,刘备,历史人物,0.6576,{}
0,第一集：桃园三结义东汉末年，汉桓帝年幼，外戚专权，宦官干政。桓帝死后，灵帝继位，权力落在十常侍手中。他们卖官害民、横征暴敛，官逼民反，终于在东汉灵帝光和七年（公元184年）正月，爆发了席卷中原的黄巾起义。汉灵帝命地主豪强领兵镇压，各州募兵守备。招兵告示张贴在涿县城门口。围观群众中，有一位红脸大汉，他叫关羽，是河东解县人，因在家乡杀了豪强，流落到涿县，以卖绿豆为生。人群中还有一人看了榜文，叹了一口气。一个黑脸大汉见了，向叹气的人说道：“大丈夫不为国家出力，反在此长叹，何为大丈夫？”那个叹气的青年名叫刘备，本是汉室宗亲，幼年丧父，跟母亲流落涿县，靠编席贩屦糊口。,河东,地点,对手,,刘备,历史人物,0.6022,{}
1,长叹，何为大丈夫？”那个叹气的青年名叫刘备，本是汉室宗亲，幼年丧父，跟母亲流落涿县，靠编席贩屦糊口。黑脸大汉名叫张飞，在本地开肉铺，专好结交天下豪杰。他常将卖不完的猪肉放在一口井里，盖上磨盘，谁能挪开此磨盘，可以任取井中肉。有人到张飞的肉铺来买肉，伙计却拿不出肉，关羽走过来将磨盘挪开，尽取井中猪肉分于众人。张飞得知，想和关羽分个高下，两人打得难解难分之际，被一旁的刘备拉开。在张飞家中，刘关张三人畅饮叙谈，他们志同道合，便在桃林中结拜为兄弟，立誓：“同心协力，救困扶危；上报国家，下安黎庶；不求同年同月同日生，只求同年同月同日死。,刘,历史人物,对手,,张,人物,0.4675,{}
4,尽除阉党。何后原是靠宦官势力立为皇后的，因而受张让等人左右，从中阻止。曹操建议：应先正君位，后讨贼。何进便在灵帝柩前扶立太子辩继承帝位，何太后临朝辅政，何进以大将军参录尚书事，控制朝政。董太后受张让等怂恿，也去临朝听政，封皇子协为陈留王，加封国舅董重为骠骑将军，并重用十常侍，打算和何皇后平分秋色。何进借故将董太后遣回原籍河间，又派人毒死太后；并矫诏召外兵进京，想尽诛宦官。不料十常侍预谋在先，假传何太后懿旨，召何进入宫。何进不听陈琳、曹操劝阻，单独进宫，在嘉德殿被张让杀死。袁绍、曹操带兵入宫，尽杀宦官，宫内火起，在混乱中，张让、段珪劫持少帝刘辩和陈留王刘协逃出皇宫。,何,人物,君主,,何进,人物,0.7029,{}
8,中小阁休息，他问曹操：“何故来迟？”曹操说因马太瘦弱。董卓便命吕布为曹操挑选一匹好马，吕布出阁而去。董卓因感困乏，倒身而卧，当他面朝里翻过身去时，曹操急忙拔出宝刀，刚要行刺，不料董卓从铜镜中看见曹操拔刀的身影，急忙回身问操，此时吕布已经牵马来到小阁，曹操急中生智，立即捧刀跪下说：“操近得七宝刀一口，献上恩相。”董卓接过宝刀，很是喜爱，便让操出阁去看马，曹操将马牵出相府，飞身上马，逃出洛阳。董卓察觉事有蹊跷，知是曹操行刺，便命各地画影图形，捉拿曹操。曹操欲回乡，途经中牟县，被县令陈宫认出。陈宫得知曹操要号召天下诸侯，兴兵共讨董卓，被他的壮志打动，便弃了官职，追随曹操。,操,历史人物,对手,,董卓,历史人物,0.9148,{}
13,跋扈，骄纵无比。一日在席间，又无故将司空张温斩首，满朝文武惊恐失色。司徒王允想除掉董卓，但苦无良策。他为国事担忧，难以入睡，独自来到花园，发现歌姬貂蝉在花园中对月长叹。当他得知貂蝉是为民忧愁时，便和她定下“连环计”：先将貂蝉许嫁吕布，再献与董卓，离间他们父子，促使吕布杀死董卓。吕布狩猎归来，在溪边和貂蝉相遇，他见貂蝉貌美，如醉如痴。王允便将吕布请到府中，答应将貂蝉送与吕布为妾。“早晚选一良辰，送到将军府上。”乘吕布去郿坞押送车仗的机会，王允又将貂蝉献与董卓。第七集：凤仪亭当董卓接走貂蝉后，吕布又恨又急。他恋念貂蝉，乘董卓上朝之机，入相府与貂蝉私会。,司徒王允,人物,对手,,吕布,人物,0.9800,{}
15,。王允下令将董卓尸体暴露街头，不得掩埋。李傕、郭汜等纠集大军攻陷长安，杀死王允，逼走吕布，专擅朝政。第八集：三让徐州东汉兴平元年（公元194年），曹操在兖州文有谋臣，武有猛将，威名日重。命人前往琅琊郡接父曹嵩前往兖州，途经徐州时，太守陶谦为交好曹操，命部下张闿一路护送曹父。不料张闿图财害命，途中将曹嵩一家老小杀害，曹操怒气冲天，点起大军，要洗劫徐州，誓杀陶谦，为父报仇。曾放走曹操的中牟县令陈宫，为陶谦讲情，曹操不听，陈宫只好去找吕布，设法解救这场灾难。张飞怒鞭督邮后，刘、关、张兄弟三人逃往代州，后经刘恢、公孙瓒推荐，刘备升为平原县令。,东汉,Text,君主,,曹操,历史人物,0.7005,{}
15,。王允下令将董卓尸体暴露街头，不得掩埋。李傕、郭汜等纠集大军攻陷长安，杀死王允，逼走吕布，专擅朝政。第八集：三让徐州东汉兴平元年（公元194年），曹操在兖州文有谋臣，武有猛将，威名日重。命人前往琅琊郡接父曹嵩前往兖州，途经徐州时，太守陶谦为交好曹操，命部下张闿一路护送曹父。不料张闿图财害命，途中将曹嵩一家老小杀害，曹操怒气冲天，点起大军，要洗劫徐州，誓杀陶谦，为父报仇。曾放走曹操的中牟县令陈宫，为陶谦讲情，曹操不听，陈宫只好去找吕布，设法解救这场灾难。张飞怒鞭督邮后，刘、关、张兄弟三人逃往代州，后经刘恢、公孙瓒推荐，刘备升为平原县令。,东汉,Text,君主,,曹嵩,历史人物,0.7207,{}
15,。王允下令将董卓尸体暴露街头，不得掩埋。李傕、郭汜等纠集大军攻陷长安，杀死王允，逼走吕布，专擅朝政。第八集：三让徐州东汉兴平元年（公元194年），曹操在兖州文有谋臣，武有猛将，威名日重。命人前往琅琊郡接父曹嵩前往兖州，途经徐州时，太守陶谦为交好曹操，命部下张闿一路护送曹父。不料张闿图财害命，途中将曹嵩一家老小杀害，曹操怒气冲天，点起大军，要洗劫徐州，誓杀陶谦，为父报仇。曾放走曹操的中牟县令陈宫，为陶谦讲情，曹操不听，陈宫只好去找吕布，设法解救这场灾难。张飞怒鞭督邮后，刘、关、张兄弟三人逃往代州，后经刘恢、公孙瓒推荐，刘备升为平原县令。,东汉,Text,君主,,陶谦,历史人物,0.7531,{}
15,。王允下令将董卓尸体暴露街头，不得掩埋。李傕、郭汜等纠集大军攻陷长安，杀死王允，逼走吕布，专擅朝政。第八集：三让徐州东汉兴平元年（公元194年），曹操在兖州文有谋臣，武有猛将，威名日重。命人前往琅琊郡接父曹嵩前往兖州，途经徐州时，太守陶谦为交好曹操，命部下张闿一路护送曹父。不料张闿图财害命，途中将曹嵩一家老小杀害，曹操怒气冲天，点起大军，要洗劫徐州，誓杀陶谦，为父报仇。曾放走曹操的中牟县令陈宫，为陶谦讲情，曹操不听，陈宫只好去找吕布，设法解救这场灾难。张飞怒鞭督邮后，刘、关、张兄弟三人逃往代州，后经刘恢、公孙瓒推荐，刘备升为平原县令。,曹操,历史人物,君主,,曹嵩,历史人物,0.7755,{}
15,。王允下令将董卓尸体暴露街头，不得掩埋。李傕、郭汜等纠集大军攻陷长安，杀死王允，逼走吕布，专擅朝政。第八集：三让徐州东汉兴平元年（公元194年），曹操在兖州文有谋臣，武有猛将，威名日重。命人前往琅琊郡接父曹嵩前往兖州，途经徐州时，太守陶谦为交好曹操，命部下张闿一路护送曹父。不料张闿图财害命，途中将曹嵩一家老小杀害，曹操怒气冲天，点起大军，要洗劫徐州，誓杀陶谦，为父报仇。曾放走曹操的中牟县令陈宫，为陶谦讲情，曹操不听，陈宫只好去找吕布，设法解救这场灾难。张飞怒鞭督邮后，刘、关、张兄弟三人逃往代州，后经刘恢、公孙瓒推荐，刘备升为平原县令。,曹操,历史人物,君主,,陶谦,历史人物,0.8554,{}
15,。王允下令将董卓尸体暴露街头，不得掩埋。李傕、郭汜等纠集大军攻陷长安，杀死王允，逼走吕布，专擅朝政。第八集：三让徐州东汉兴平元年（公元194年），曹操在兖州文有谋臣，武有猛将，威名日重。命人前往琅琊郡接父曹嵩前往兖州，途经徐州时，太守陶谦为交好曹操，命部下张闿一路护送曹父。不料张闿图财害命，途中将曹嵩一家老小杀害，曹操怒气冲天，点起大军，要洗劫徐州，誓杀陶谦，为父报仇。曾放走曹操的中牟县令陈宫，为陶谦讲情，曹操不听，陈宫只好去找吕布，设法解救这场灾难。张飞怒鞭督邮后，刘、关、张兄弟三人逃往代州，后经刘恢、公孙瓒推荐，刘备升为平原县令。,曹嵩,历史人物,君主,,陶谦,历史人物,0.8440,{}
16,法解救这场灾难。张飞怒鞭督邮后，刘、关、张兄弟三人逃往代州，后经刘恢、公孙瓒推荐，刘备升为平原县令。得知陶谦遇难，借兵三千，又借得赵云，便随北海太守孔融领兵来救。陶谦为保徐州，见刘备乃汉室宗亲，才德兼备，欲将徐州让与刘备。刘备推辞不受。刘备写信给曹操，劝他退兵，适逢吕布袭夺兖州，曹操顺势退兵。陶谦请前来救援的孔融、田楷以及关羽、张飞、赵云等赴宴，再次请刘备管领徐州，刘备执意不肯，陶谦只得请刘备屯兵小沛。不久，陶谦病重，请刘备至榻前，恳请以国家为重，受取徐州牌印，并推荐孙乾、糜竺辅助。徐州百姓也向刘备哭求，关羽、张飞又再三相劝，陶谦死后，刘备答应权领徐州。,刘备,历史人物,君主,,陶谦,历史人物,0.9584,{}
17,牌印，并推荐孙乾、糜竺辅助。徐州百姓也向刘备哭求，关羽、张飞又再三相劝，陶谦死后，刘备答应权领徐州。曹操在濮阳，险被吕布所擒，幸被典韦所救，曹操假作烧伤致死，令满营挂孝，诱吕布前来劫营，吕布中计大败，只好去徐州投刘备，暂居小沛。李傕、郭汜作乱，宫室烧尽，街市荒芜，百姓剥食树皮草根，百官出城采樵。天子被迫迁都洛阳。曹操破吕布之后，听荀彧建议，平定了李傕、郭汜之乱，掌握朝政大权，被封为司隶校尉，录尚书事。为了进一步控制朝廷，曹操又迁都许昌，自封大将军，武平侯，取得挟天子令诸侯的地位。为了消灭吕布、刘备，荀彧给他献了“二虎争食”之计。,陶,人物,对手,,备,历史人物,0.7593,{}
20,虎、王朗等，占据江东六郡八十一州，威震江东。他一面写表申奏朝廷，结交曹操，一面使人致书袁术取回玉玺。第十集：辕门射戟吕布在兖州被曹操打败，往徐州投奔刘备，屯驻小沛。谋士荀彧为曹操献“二虎竞食”之计，曹操写信请刘备诛杀吕布。事成再图刘备，事不成，吕布必杀刘备。刘备知此为离间之计，未行。荀彧又献“驱虎吞狼”之计，一面先向袁术通风报信，一面假天子诏书，令刘备去讨袁术。刘备接诏后，和关羽出征，留张飞守徐州。张飞在戒酒宴上，劝吕布岳父曹豹饮酒，曹豹不饮，被张飞鞭打。曹豹连夜差人送信与吕布，约布袭取徐州。张飞因醉后不能力战，只得抛下刘备家眷，出东门而去。徐州为吕布所有，刘备无奈，只好向吕布求和，暂屯小沛。,刘,人物,对手,,备,历史人物,0.6183,{}
23,吕布刚将女儿送走，陈登之父陈珪为救刘备，前来劝阻。吕布急派张辽将女抢回，回复袁术嫁妆未备，婚期拖延。忽然宋宪、魏续来报，张飞抢走了他们买的马匹，吕布大怒，率兵进攻小沛，与张飞大战。刘备求和，吕布不许，刘备只好乘夜突围，去投曹操。正当曹操联合刘备准备共图徐州吕布之时，张济欲夺献帝，自关中引兵攻南阳，不料在途中中流矢而死。其侄张绣又统领其众，用贾诩为谋士，结连刘表、屯兵宛城，仍想夺驾。曹操闻报大怒，急欲兴兵讨伐，却又怕吕布乘机偷袭许都。荀彧献计安抚吕布，曹操于是亲率十五万大军浩浩荡荡杀奔宛城。张绣见曹兵势大，只好依贾诩之言，献城降曹。,陈,人物,对手,,刘,人物,0.5854,{}
29,州城内，陈登父子见曹操大兵已到，巧使计策，使曹操轻而易举地连夺萧关、徐州、小沛。吕布大败，兵退下邳。第十三集：白门楼（下）下邳城中，陈宫助吕布阻住曹操，并献计破曹，但终因吕布儿女情长，听信妇人之见，坐失良机。吕布无奈，又想与袁术结亲以求其助。袁术应允先送女儿，然后发兵。吕布背缚其女几次突围，均被关、张杀回。吕布斗志顿消，整日与严氏饮酒作乐。一日，吕布在镜中发现自己被酒色所伤，面容憔悴，大惊失色，下令全军戒酒，违者斩。部将侯成因十五匹好马失而复得，深感吕布之情，送新酿好酒与吕布，不想反被痛打五十背花，侯成一气之下盗得吕布赤兔马献与曹操，并与其友宋宪、魏续商定以白旗为号策应曹军攻城。,陈登,人物,对手,,袁术,人物,0.8481,{}
29,州城内，陈登父子见曹操大兵已到，巧使计策，使曹操轻而易举地连夺萧关、徐州、小沛。吕布大败，兵退下邳。第十三集：白门楼（下）下邳城中，陈宫助吕布阻住曹操，并献计破曹，但终因吕布儿女情长，听信妇人之见，坐失良机。吕布无奈，又想与袁术结亲以求其助。袁术应允先送女儿，然后发兵。吕布背缚其女几次突围，均被关、张杀回。吕布斗志顿消，整日与严氏饮酒作乐。一日，吕布在镜中发现自己被酒色所伤，面容憔悴，大惊失色，下令全军戒酒，违者斩。部将侯成因十五匹好马失而复得，深感吕布之情，送新酿好酒与吕布，不想反被痛打五十背花，侯成一气之下盗得吕布赤兔马献与曹操，并与其友宋宪、魏续商定以白旗为号策应曹军攻城。,陈登,人物,对手,,吕布,人物,0.8128,{}
29,州城内，陈登父子见曹操大兵已到，巧使计策，使曹操轻而易举地连夺萧关、徐州、小沛。吕布大败，兵退下邳。第十三集：白门楼（下）下邳城中，陈宫助吕布阻住曹操，并献计破曹，但终因吕布儿女情长，听信妇人之见，坐失良机。吕布无奈，又想与袁术结亲以求其助。袁术应允先送女儿，然后发兵。吕布背缚其女几次突围，均被关、张杀回。吕布斗志顿消，整日与严氏饮酒作乐。一日，吕布在镜中发现自己被酒色所伤，面容憔悴，大惊失色，下令全军戒酒，违者斩。部将侯成因十五匹好马失而复得，深感吕布之情，送新酿好酒与吕布，不想反被痛打五十背花，侯成一气之下盗得吕布赤兔马献与曹操，并与其友宋宪、魏续商定以白旗为号策应曹军攻城。,袁术,人物,对手,,吕布,人物,0.8979,{}
32,扬威，激怒了关羽，欲杀曹操，被刘备拦住。汉献帝见曹操威势愈大，忧伤焦虑，只好和伏皇后在寝宫掩面而泣。皇后之父伏完举荐车骑将军、国舅董承可除国害，汉献帝遂以血写成讨曹诏书，藏于锦袍玉带之中，亲召董承赐之。董承接了诏，不料在出宫回府途中却遇曹操，经百般盘查才脱身，险些坏了大事。在董承府，董承与王子服等同观血诏，义愤填膺，纷纷在义状上签名画押。西凉太守马腾又举荐豫州牧刘备可共商诛贼大事。国舅董承亲到刘备府，刘备心情复杂，一时踌躇，终于横下一条心，在义状上书“左将军刘备”五个字。此后，刘备更是整日埋头种菜，惟恐董承办事轻率，事情败露。一日，刘备仍在菜园里锄草，突然，许褚引军士前来，说曹操请刘备速去。,伏完,人物,君主,,董,人物,0.9642,{}
38,商议，无计可施。建安五年，元旦朝贺，见曹操骄横愈甚，感愤成疾。帝知国舅染病，令随朝太医吉平前往治病。吉平听得病榻上的董承梦呓诛曹之事，又知实情，出于义愤，自告奋勇以给曹操治病为由毒死此贼。不想，家奴秦庆童由于与侍妾云英私通被董承职责，怀恨在心，夤夜入丞相府将董承与王子服等密谋诛曹之事相告。曹操大怒，先将下毒未遂的吉平拿住；又以饮宴为名在王子服等五人面前打死吉平，并将王子服监禁，又去董承府搜出衣带诏，处斩董承、王子服等五人并全家老小七百余口。盛怒的曹操率兵直奔后宫，在献帝与伏皇后面前勒死董妃，并令曹洪领兵三千，充御林军防守皇宫，今后但有外戚宗族，不奉曹操之令，擅入宫门者，斩！,秦庆童,人物,君主,,云英,人物,0.8829,{}
40,到绝处，大将张辽前往土山说降。为长远计，关羽与张辽约三事而后降曹，曹操素爱关羽的武艺、人才，遂允之。关羽征得甘、糜二夫人同意之后，携二位嫂嫂进入曹营。第十七集：挂印封金刘备连失小沛、徐州、下邳，已无容身之地，无奈暂投袁绍。张飞于乱军之中冲出重围，向芒砀山而去。关羽在土山与曹操约三事后，一边思念刘备，一边亲自护送甘、糜二夫人，随曹操踏上回许都之路。途中，曹操故意将关羽与二位嫂嫂置于一室，使其乱君臣之礼。关羽大怒，秉烛立于户外，自夜达旦，毫无倦意，曹操观之肃然。又取异锦所作战袍一领赠与关羽。,关,人物,君主,,刘备,人物,0.6433,{}
40,到绝处，大将张辽前往土山说降。为长远计，关羽与张辽约三事而后降曹，曹操素爱关羽的武艺、人才，遂允之。关羽征得甘、糜二夫人同意之后，携二位嫂嫂进入曹营。第十七集：挂印封金刘备连失小沛、徐州、下邳，已无容身之地，无奈暂投袁绍。张飞于乱军之中冲出重围，向芒砀山而去。关羽在土山与曹操约三事后，一边思念刘备，一边亲自护送甘、糜二夫人，随曹操踏上回许都之路。途中，曹操故意将关羽与二位嫂嫂置于一室，使其乱君臣之礼。关羽大怒，秉烛立于户外，自夜达旦，毫无倦意，曹操观之肃然。又取异锦所作战袍一领赠与关羽。,关,人物,君主,,关羽,人物,0.5845,{}
40,到绝处，大将张辽前往土山说降。为长远计，关羽与张辽约三事而后降曹，曹操素爱关羽的武艺、人才，遂允之。关羽征得甘、糜二夫人同意之后，携二位嫂嫂进入曹营。第十七集：挂印封金刘备连失小沛、徐州、下邳，已无容身之地，无奈暂投袁绍。张飞于乱军之中冲出重围，向芒砀山而去。关羽在土山与曹操约三事后，一边思念刘备，一边亲自护送甘、糜二夫人，随曹操踏上回许都之路。途中，曹操故意将关羽与二位嫂嫂置于一室，使其乱君臣之礼。关羽大怒，秉烛立于户外，自夜达旦，毫无倦意，曹操观之肃然。又取异锦所作战袍一领赠与关羽。,刘备,人物,君主,,关羽,人物,0.6506,{}
44,人劫掠上山，欲图无礼，被其诛杀，特护送夫人下山向关将军请罪。关羽施礼拜谢。廖化久闻关羽大名，欲随之。关羽因千里寻故主，漂泊无定，愿同二位夫人及车仗独行。廖化只得告别。在一村庄安歇时，庄主胡华知是关羽千里寻兄，甚为感动，盛情招待，并书一函，让关羽行至荥阳时交与其子胡班。东岭关前，守关将孔秀向关羽索取丞相关文。关羽告之行时匆忙，不曾讨得，孔秀列兵关前，不容过关。关羽大怒，跃马只一回合，斩孔秀于马下。兵士个个目瞪口呆，关羽让其传语曹丞相，言孔秀意欲加害，故而杀之。洛阳太守韩福得知此讯大惊，孟坦献计佯败，引诱关羽，欲于高处暗箭射之，哪知赤兔马腾身一跃，冲在孟坦马前，关羽砍孟坦于马下。,胡班,人物,对手,,关羽,人物,0.8117,{}
45,大惊，孟坦献计佯败，引诱关羽，欲于高处暗箭射之，哪知赤兔马腾身一跃，冲在孟坦马前，关羽砍孟坦于马下。韩福乘乱向关羽射出一箭，正中左臂。关羽咬牙将箭拔出，怒喝一声，纵马直入敌阵，兵将大乱，四散逃窜。韩福正欲逃走，关羽赶上一刀，砍韩福于马下。汜水关卞喜苦思冥想，欲在镇国寺盛情款待关羽之时，暗伏刀斧手杀之。关羽全无防备，在此危险之际，幸得同乡道长普净暗示，关羽方悟，挥剑勇战群顽，一刀劈了卞喜。荥阳太守王植对关羽谦恭备至，盛情招待之后，许诺明晨亲送关羽出关上路；却又密令从事胡班点一千军马围住馆驿，三更时分一齐放火，要烧死关羽一干人等。,关,人物,对手,,关,人物,0.9727,{}
46,许诺明晨亲送关羽出关上路；却又密令从事胡班点一千军马围住馆驿，三更时分一齐放火，要烧死关羽一干人等。胡班将一切布置好之后，正欲点火，却突生一念，想看看大名鼎鼎的关云长是何模样。他悄悄推开馆门入内，只见关羽气宇轩昂，左手绰髯，右手捧书就读于灯下，真如神人一般。胡班深受触动，不觉出声惊动关羽，索性进屋。关羽问知他是胡班，便将其父胡华的书信给他。胡班观信后大惊失色，深悔自己险些误害忠良，扑通一声跪倒于地，详告王植加害之心，并仗义打开城门放走关羽。王植闻知，率兵来追，又被关羽扬手一刀砍落马下。滑州界太守刘延深信关羽所言，未加刁难，但惧于夏侯惇之威，又恐丞相怪罪，也不敢给关羽渡船以渡黄河。,胡班,人物,对手,,胡华,人物,0.6749,{}
48,当关羽、孙乾一干人等上马欲行之时，只见远处烟尘滚滚，战马嘶鸣，一彪人马踏踏而来，高呼道：“关羽休走！”关羽见又有兵杀来，忙让孙乾护送夫人及车仗先走，只身横刀立马迎战来者夏侯惇。二人正欲厮杀，恰巧曹操派两使者至，说丞相敬爱关将军忠义，特发放行文书传遍各处。夏侯惇怒关羽斩其部将秦琪，仍以丞相不知关羽过关斩将之事为由，挺枪与关羽厮杀。二人正杀得昏天黑地之时，张辽奉丞相之命赶到，方劝住了夏侯惇。关羽谢过张辽，重新上路。在郭常庄，由于不务正业的郭常之子偷盗赤兔马，引出落草为寇的周仓、裴元绍。周仓久慕关羽大名，意欲随之久矣，今日相见，苦苦相求，关羽见其情切，允其跟在身边。,关羽,人物,对手,,夏侯惇,人物,0.4021,{}
50,经二位嫂嫂备言前情，又见关羽亲斩蔡阳，才尽释前嫌，扑向关羽。兄弟二人四目相视，万语千言尽在热泪之中。张飞喜迎关羽及二位嫂嫂等进古城，互叙别来之情，准备次日由关羽、孙乾去汝南寻大哥刘备。谁知糜竺告知众人：刘备因见刘辟兵马甚少不能成事，又回河北袁绍处了。三人商议，张飞守城，周仓往裴元绍处招呼人马，由关羽、孙乾同往河北。关羽不便先见刘备，在关定庄安顿，收得了义子关平；刘备从简雍之议，假说“前往荆州劝说刘表共同破曹”，方自袁绍处脱身，兄弟始得相见。一行于归途中又偶遇赵云，于是几人一同返回古城。古城外平川，张飞列阵迎接，亲擂大鼓，泪水、汗水汇作一处，珠花四溅，振奋之极。,刘,人物,兄弟,,关平,人物,0.2962,{}
51,，于是几人一同返回古城。古城外平川，张飞列阵迎接，亲擂大鼓，泪水、汗水汇作一处，珠花四溅，振奋之极。刘备、关羽、孙乾、简雍、赵云、关平、周仓等骑马一字排开。糜竺、糜芳率一队骑兵仪仗队冲出城门，高举一面帅旗，上大书一个“刘”字。刘、关、张三人奔到一起，面色庄重，眼含泪花，六臂环抱，对面而跪，恰似当年桃园情景。第二十集：孙策之死汉献帝建安四年（公元199年），继承孙坚遗志，统领江东的孙策，兵精粮足。一举攻取庐江之后，又迫使豫章太守华歆投降，自此声势大振，遂派张纮往许昌上表报捷，但因求封大司马之事被曹操拒绝，耿耿于怀，常有攻打许都的打算。,备,历史人物,对手,,孙策,历史人物,0.7093,{}
52,，自此声势大振，遂派张纮往许昌上表报捷，但因求封大司马之事被曹操拒绝，耿耿于怀，常有攻打许都的打算。吴郡太守许贡知孙策此意，即写密信给曹操，要他提防孙策，不想信落在孙策手中。孙策设计将许贡诱来绞死，此举激怒了许贡三名家客，乘孙策在狩猎之时，用箭将其射成重伤，幸得程普等及时来到，孙策才得以生还。孙策之母吴太夫人见儿子伤势严重，甚为焦急，便求仙拜佛，喃喃祈祷。此时有一道人于吉，号称神仙出现，全城百姓无不对其顶礼膜拜。孙策觉得自己的权威受到侵犯，一气之下，怒斩于吉。自己也因怒气冲犯，毒浸心肺，危在旦夕，于是急召其弟孙权及众文武前来嘱托后事。孙策对吴太夫人说：“倘内事不决可问张昭，外事不决可问周瑜。,孙权,人物,对手,,孙策,人物,0.9191,{}
52,，自此声势大振，遂派张纮往许昌上表报捷，但因求封大司马之事被曹操拒绝，耿耿于怀，常有攻打许都的打算。吴郡太守许贡知孙策此意，即写密信给曹操，要他提防孙策，不想信落在孙策手中。孙策设计将许贡诱来绞死，此举激怒了许贡三名家客，乘孙策在狩猎之时，用箭将其射成重伤，幸得程普等及时来到，孙策才得以生还。孙策之母吴太夫人见儿子伤势严重，甚为焦急，便求仙拜佛，喃喃祈祷。此时有一道人于吉，号称神仙出现，全城百姓无不对其顶礼膜拜。孙策觉得自己的权威受到侵犯，一气之下，怒斩于吉。自己也因怒气冲犯，毒浸心肺，危在旦夕，于是急召其弟孙权及众文武前来嘱托后事。孙策对吴太夫人说：“倘内事不决可问张昭，外事不决可问周瑜。,孙权,人物,对手,,吴太夫人,人物,0.8730,{}
52,，自此声势大振，遂派张纮往许昌上表报捷，但因求封大司马之事被曹操拒绝，耿耿于怀，常有攻打许都的打算。吴郡太守许贡知孙策此意，即写密信给曹操，要他提防孙策，不想信落在孙策手中。孙策设计将许贡诱来绞死，此举激怒了许贡三名家客，乘孙策在狩猎之时，用箭将其射成重伤，幸得程普等及时来到，孙策才得以生还。孙策之母吴太夫人见儿子伤势严重，甚为焦急，便求仙拜佛，喃喃祈祷。此时有一道人于吉，号称神仙出现，全城百姓无不对其顶礼膜拜。孙策觉得自己的权威受到侵犯，一气之下，怒斩于吉。自己也因怒气冲犯，毒浸心肺，危在旦夕，于是急召其弟孙权及众文武前来嘱托后事。孙策对吴太夫人说：“倘内事不决可问张昭，外事不决可问周瑜。,孙策,人物,对手,,吴太夫人,人物,0.8607,{}
57,曹操屯军官渡，可乘虚偷袭许昌。”袁绍不用其计，更对许攸产生怀疑，许攸又得知家属被囚禁，愤而投奔曹营。第二十二集：官渡之战（下）曹操见许攸来营寨，大喜，不及穿履，光脚出迎，对许攸施以大礼：“子远肯来，乃天助我也。”他向许攸求破袁妙计，许攸告诉他：“我曾劝袁绍偷袭许昌。”曹操大惊：“袁绍若依子远之计，我必大败矣！”许攸故意探问曹操军粮还有多少，曹操只是不肯明言，许攸大声道：“你休瞒我，军中粮草已尽！”并以操致荀彧之书信为证，操至此方才承认粮草已绝，向许攸揖拜，诚心求教破袁之策。许攸告知曹操，袁绍七十万大军之粮草、辎重尽屯于乌巢，而守护乌巢的淳于琼嗜酒无度，可奇袭乌巢。,子,Text,对手,,绍,历史人物,0.9443,{}
59,斩首。曹操回答：“当袁绍强盛之时，我尚且不能自保，何况他人？”遂令将书信全部销毁。全军将士无不心服。袁军土崩瓦解，袁绍只带八百骑渡河逃走。沮授坚贞不降被射杀，曹操命厚葬于黄河渡口。田丰在狱中被袁绍赐死。第二十三集：大破袁绍曹操在官渡之战中以少胜多，打败袁绍，陈兵黄河两岸。袁绍回到冀州，长子袁谭、次子袁熙、幼子袁尚和外甥高干分别从青、幽、并州领兵前往助战。袁绍再集二十多万大军，兵发仓亭，要报官渡之仇。曹操用程昱“十面埋伏”之计，派许褚诱袁军追至河上。曹兵因无退路，只能回身奋力死战，杀得袁军尸横遍野，血流成河。袁绍抱三子痛哭，昏厥吐血，只好回冀州养病。,曹操,人物,对手,,袁谭,人物,0.8575,{}
59,斩首。曹操回答：“当袁绍强盛之时，我尚且不能自保，何况他人？”遂令将书信全部销毁。全军将士无不心服。袁军土崩瓦解，袁绍只带八百骑渡河逃走。沮授坚贞不降被射杀，曹操命厚葬于黄河渡口。田丰在狱中被袁绍赐死。第二十三集：大破袁绍曹操在官渡之战中以少胜多，打败袁绍，陈兵黄河两岸。袁绍回到冀州，长子袁谭、次子袁熙、幼子袁尚和外甥高干分别从青、幽、并州领兵前往助战。袁绍再集二十多万大军，兵发仓亭，要报官渡之仇。曹操用程昱“十面埋伏”之计，派许褚诱袁军追至河上。曹兵因无退路，只能回身奋力死战，杀得袁军尸横遍野，血流成河。袁绍抱三子痛哭，昏厥吐血，只好回冀州养病。,曹操,人物,对手,,袁熙,人物,0.8072,{}
59,斩首。曹操回答：“当袁绍强盛之时，我尚且不能自保，何况他人？”遂令将书信全部销毁。全军将士无不心服。袁军土崩瓦解，袁绍只带八百骑渡河逃走。沮授坚贞不降被射杀，曹操命厚葬于黄河渡口。田丰在狱中被袁绍赐死。第二十三集：大破袁绍曹操在官渡之战中以少胜多，打败袁绍，陈兵黄河两岸。袁绍回到冀州，长子袁谭、次子袁熙、幼子袁尚和外甥高干分别从青、幽、并州领兵前往助战。袁绍再集二十多万大军，兵发仓亭，要报官渡之仇。曹操用程昱“十面埋伏”之计，派许褚诱袁军追至河上。曹兵因无退路，只能回身奋力死战，杀得袁军尸横遍野，血流成河。袁绍抱三子痛哭，昏厥吐血，只好回冀州养病。,曹操,人物,对手,,袁尚,人物,0.8375,{}
59,斩首。曹操回答：“当袁绍强盛之时，我尚且不能自保，何况他人？”遂令将书信全部销毁。全军将士无不心服。袁军土崩瓦解，袁绍只带八百骑渡河逃走。沮授坚贞不降被射杀，曹操命厚葬于黄河渡口。田丰在狱中被袁绍赐死。第二十三集：大破袁绍曹操在官渡之战中以少胜多，打败袁绍，陈兵黄河两岸。袁绍回到冀州，长子袁谭、次子袁熙、幼子袁尚和外甥高干分别从青、幽、并州领兵前往助战。袁绍再集二十多万大军，兵发仓亭，要报官渡之仇。曹操用程昱“十面埋伏”之计，派许褚诱袁军追至河上。曹兵因无退路，只能回身奋力死战，杀得袁军尸横遍野，血流成河。袁绍抱三子痛哭，昏厥吐血，只好回冀州养病。,曹操,人物,对手,,袁绍,人物,0.9022,{}
59,斩首。曹操回答：“当袁绍强盛之时，我尚且不能自保，何况他人？”遂令将书信全部销毁。全军将士无不心服。袁军土崩瓦解，袁绍只带八百骑渡河逃走。沮授坚贞不降被射杀，曹操命厚葬于黄河渡口。田丰在狱中被袁绍赐死。第二十三集：大破袁绍曹操在官渡之战中以少胜多，打败袁绍，陈兵黄河两岸。袁绍回到冀州，长子袁谭、次子袁熙、幼子袁尚和外甥高干分别从青、幽、并州领兵前往助战。袁绍再集二十多万大军，兵发仓亭，要报官渡之仇。曹操用程昱“十面埋伏”之计，派许褚诱袁军追至河上。曹兵因无退路，只能回身奋力死战，杀得袁军尸横遍野，血流成河。袁绍抱三子痛哭，昏厥吐血，只好回冀州养病。,袁谭,人物,对手,,袁熙,人物,0.6991,{}
59,斩首。曹操回答：“当袁绍强盛之时，我尚且不能自保，何况他人？”遂令将书信全部销毁。全军将士无不心服。袁军土崩瓦解，袁绍只带八百骑渡河逃走。沮授坚贞不降被射杀，曹操命厚葬于黄河渡口。田丰在狱中被袁绍赐死。第二十三集：大破袁绍曹操在官渡之战中以少胜多，打败袁绍，陈兵黄河两岸。袁绍回到冀州，长子袁谭、次子袁熙、幼子袁尚和外甥高干分别从青、幽、并州领兵前往助战。袁绍再集二十多万大军，兵发仓亭，要报官渡之仇。曹操用程昱“十面埋伏”之计，派许褚诱袁军追至河上。曹兵因无退路，只能回身奋力死战，杀得袁军尸横遍野，血流成河。袁绍抱三子痛哭，昏厥吐血，只好回冀州养病。,袁谭,人物,对手,,袁尚,人物,0.7903,{}
59,斩首。曹操回答：“当袁绍强盛之时，我尚且不能自保，何况他人？”遂令将书信全部销毁。全军将士无不心服。袁军土崩瓦解，袁绍只带八百骑渡河逃走。沮授坚贞不降被射杀，曹操命厚葬于黄河渡口。田丰在狱中被袁绍赐死。第二十三集：大破袁绍曹操在官渡之战中以少胜多，打败袁绍，陈兵黄河两岸。袁绍回到冀州，长子袁谭、次子袁熙、幼子袁尚和外甥高干分别从青、幽、并州领兵前往助战。袁绍再集二十多万大军，兵发仓亭，要报官渡之仇。曹操用程昱“十面埋伏”之计，派许褚诱袁军追至河上。曹兵因无退路，只能回身奋力死战，杀得袁军尸横遍野，血流成河。袁绍抱三子痛哭，昏厥吐血，只好回冀州养病。,袁谭,人物,对手,,袁绍,人物,0.9003,{}
59,斩首。曹操回答：“当袁绍强盛之时，我尚且不能自保，何况他人？”遂令将书信全部销毁。全军将士无不心服。袁军土崩瓦解，袁绍只带八百骑渡河逃走。沮授坚贞不降被射杀，曹操命厚葬于黄河渡口。田丰在狱中被袁绍赐死。第二十三集：大破袁绍曹操在官渡之战中以少胜多，打败袁绍，陈兵黄河两岸。袁绍回到冀州，长子袁谭、次子袁熙、幼子袁尚和外甥高干分别从青、幽、并州领兵前往助战。袁绍再集二十多万大军，兵发仓亭，要报官渡之仇。曹操用程昱“十面埋伏”之计，派许褚诱袁军追至河上。曹兵因无退路，只能回身奋力死战，杀得袁军尸横遍野，血流成河。袁绍抱三子痛哭，昏厥吐血，只好回冀州养病。,袁熙,人物,对手,,袁尚,人物,0.7408,{}
59,斩首。曹操回答：“当袁绍强盛之时，我尚且不能自保，何况他人？”遂令将书信全部销毁。全军将士无不心服。袁军土崩瓦解，袁绍只带八百骑渡河逃走。沮授坚贞不降被射杀，曹操命厚葬于黄河渡口。田丰在狱中被袁绍赐死。第二十三集：大破袁绍曹操在官渡之战中以少胜多，打败袁绍，陈兵黄河两岸。袁绍回到冀州，长子袁谭、次子袁熙、幼子袁尚和外甥高干分别从青、幽、并州领兵前往助战。袁绍再集二十多万大军，兵发仓亭，要报官渡之仇。曹操用程昱“十面埋伏”之计，派许褚诱袁军追至河上。曹兵因无退路，只能回身奋力死战，杀得袁军尸横遍野，血流成河。袁绍抱三子痛哭，昏厥吐血，只好回冀州养病。,袁熙,人物,对手,,袁绍,人物,0.9015,{}
59,斩首。曹操回答：“当袁绍强盛之时，我尚且不能自保，何况他人？”遂令将书信全部销毁。全军将士无不心服。袁军土崩瓦解，袁绍只带八百骑渡河逃走。沮授坚贞不降被射杀，曹操命厚葬于黄河渡口。田丰在狱中被袁绍赐死。第二十三集：大破袁绍曹操在官渡之战中以少胜多，打败袁绍，陈兵黄河两岸。袁绍回到冀州，长子袁谭、次子袁熙、幼子袁尚和外甥高干分别从青、幽、并州领兵前往助战。袁绍再集二十多万大军，兵发仓亭，要报官渡之仇。曹操用程昱“十面埋伏”之计，派许褚诱袁军追至河上。曹兵因无退路，只能回身奋力死战，杀得袁军尸横遍野，血流成河。袁绍抱三子痛哭，昏厥吐血，只好回冀州养病。,袁尚,人物,对手,,袁绍,人物,0.9072,{}
61,。曹操乘势用许攸之计，决了漳河之水，攻下冀州城。袁绍手下谋士审配宁死不屈，被曹操斩杀，死后葬于城北。城破后，曹操祭拜袁绍，许攸高傲无礼，被许褚杀死。袁尚去幽州投袁熙，袁谭投降曹操，遭到拒绝，被曹洪杀死于阵中，谋士郭图亦被乐进射杀。曹操北征乌桓返回易州时，郭嘉不幸病故，留下密书：“今闻袁熙、袁尚往投辽东，明公切不可加兵。公孙康久畏袁氏吞并，二袁往投必疑。若以兵击之，必并力迎敌，急不可下；若缓之，公孙康、袁氏必自相图，其势然也。”操从其言，按兵不动。不久公孙康因怀疑二袁想占辽东，杀死二袁，将首级送与曹操，并愿归顺朝廷。至此，辽东平定。,绍,历史人物,对手,,公孙康,历史人物,0.9441,{}
62,言，按兵不动。不久公孙康因怀疑二袁想占辽东，杀死二袁，将首级送与曹操，并愿归顺朝廷。至此，辽东平定。汉献帝建安十二年（公元207年），曹操经过七年艰苦征战，终于统一了北方。归来时，他改道沿海而行，站在渤海之边的碣石上，望着汹涌大海，回顾往日战斗历程，诗兴大发，吟出《观沧海》。第二十四集：跃马檀溪曹操以弱胜强，打败袁绍，进而统一了北方。为了南进，在许都练兵、屯田。刘备在汝南失利后，投奔荆州刘表，他曾劝说刘表，想乘曹操北征乌桓之机袭击许都，但刘表未能采纳。刘备和关羽、张飞闲住荆州，正遇江夏有人谋反，刘备请战前往征讨，很快平了江夏之乱，得了“的卢”马。刘表之妻蔡夫人担心刘备要夺荆州。,公孙康,人物,对手,,刘表,人物,0.7632,{}
62,言，按兵不动。不久公孙康因怀疑二袁想占辽东，杀死二袁，将首级送与曹操，并愿归顺朝廷。至此，辽东平定。汉献帝建安十二年（公元207年），曹操经过七年艰苦征战，终于统一了北方。归来时，他改道沿海而行，站在渤海之边的碣石上，望着汹涌大海，回顾往日战斗历程，诗兴大发，吟出《观沧海》。第二十四集：跃马檀溪曹操以弱胜强，打败袁绍，进而统一了北方。为了南进，在许都练兵、屯田。刘备在汝南失利后，投奔荆州刘表，他曾劝说刘表，想乘曹操北征乌桓之机袭击许都，但刘表未能采纳。刘备和关羽、张飞闲住荆州，正遇江夏有人谋反，刘备请战前往征讨，很快平了江夏之乱，得了“的卢”马。刘表之妻蔡夫人担心刘备要夺荆州。,公孙康,人物,对手,,蔡夫人,人物,0.7969,{}
62,言，按兵不动。不久公孙康因怀疑二袁想占辽东，杀死二袁，将首级送与曹操，并愿归顺朝廷。至此，辽东平定。汉献帝建安十二年（公元207年），曹操经过七年艰苦征战，终于统一了北方。归来时，他改道沿海而行，站在渤海之边的碣石上，望着汹涌大海，回顾往日战斗历程，诗兴大发，吟出《观沧海》。第二十四集：跃马檀溪曹操以弱胜强，打败袁绍，进而统一了北方。为了南进，在许都练兵、屯田。刘备在汝南失利后，投奔荆州刘表，他曾劝说刘表，想乘曹操北征乌桓之机袭击许都，但刘表未能采纳。刘备和关羽、张飞闲住荆州，正遇江夏有人谋反，刘备请战前往征讨，很快平了江夏之乱，得了“的卢”马。刘表之妻蔡夫人担心刘备要夺荆州。,刘表,人物,对手,,蔡夫人,人物,0.8243,{}
63,遇江夏有人谋反，刘备请战前往征讨，很快平了江夏之乱，得了“的卢”马。刘表之妻蔡夫人担心刘备要夺荆州。为此，刘表只好让刘备去新野屯住。一日，刘表约刘备来荆州倾诉心事，他想废长立幼，又恐碍于礼法；要立长子，而荆州军务大权均在蔡氏宗族手中，后必生乱，因而左右为难。刘备未加思索，言道：“自古废长立幼，取乱之道，若忧蔡氏权重，可徐徐削之。”不料被躲在屏风后的蔡夫人听见。她忌恨刘备，命其弟蔡瑁深夜包围馆驿，要杀害刘备。刘表幕宾伊籍将蔡瑁之谋报知刘备，刘备悄悄离开馆驿回到新野。蔡瑁又和蔡夫人密谋，要在襄阳大会上杀死刘备。荆襄盛会，刘表请刘备主持待客，他的两位公子刘琦、刘琮作陪，赵云跟随刘备，不离左右。,蔡夫人,人物,君主,,蔡,人物,0.5330,{}
65,赶到溪边，见刘备已跃过檀溪，又见赵云率兵寻来，只好入城而去。刘备脱险，来到水镜山庄，向水镜先生求助。第二十五集：刘备求贤刘备马跃檀溪，来到水镜山庄，与司马徽（水镜先生）会见。刘备请教司马徽，并请他出山相助。司马徽指点刘备：“卧龙、凤雏二人得一，可安天下”。“君当自去寻访”。赵云四处寻找刘备，后于水镜山庄相遇。二人同回新野，途中忽遇单福（真名徐庶）在道旁作歌，刘备见其人不凡，误以为是卧龙、凤雏，后两人彻夜倾谈，十分投机，刘备遂拜徐庶为军师。徐庶辅佐刘备，初次用兵，连败曹操，使赵云一举破了八门金锁阵，关羽也取了樊城。,刘,人物,君主,,备,历史人物,0.9601,{}
67,马徽再次向刘备推荐诸葛亮，说其才可与姜子牙、张子房相比。刘备随即带着关羽、张飞前往卧龙岗拜请诸葛亮。初顾茅庐，不巧，诸葛亮外出未归。刘备在归途中遇亮之好友崔州平，误以为是诸葛亮，连忙拜谒。崔州平告诉刘备，欲请孔明出山辅佐是枉费心力。数日后，刘备探知诸葛亮已回隆中，即与关、张准备再顾茅庐。关、张劝阻刘备不必亲往，后见刘备恭请诸葛之心难移，只好相随。是日，正值隆冬，天降大雪，刘、关、张三人冒雪而来，将近茅庐，忽闻路旁酒店有人作歌，刘备误以为孔明在此，进酒店才知是孔明好友石广元和孟公威。到茅庐后，又将诸葛亮之弟诸葛均错认。均告知刘备，其兄于前日出游，刘备只好留书信表达仰慕之意。,明,Text,君主,,孔明,Text,0.9396,{}
68,孟公威。到茅庐后，又将诸葛亮之弟诸葛均错认。均告知刘备，其兄于前日出游，刘备只好留书信表达仰慕之意。正要离去，又遇诸葛亮之岳父黄承彦，刘备再向其表达来意，辞别而归。第二十七集：三顾茅庐初春，刘备择选吉日再往隆中求贤，关、张不悦，阻止无效，勉强相随。刘备三顾茅庐，适逢诸葛亮在草堂午睡未醒，备吩咐关、张在门外等候，自己徐步而入，拱手平气立于阶下恭候，直到诸葛亮醒后，方入内相见。备虚心恭敬拜见孔明，并求教天下大事。孔明见刘备至诚，乃说出创业大计：“操已拥百万之众，颇难争锋；孙权据江东，不可急图。应先取荆、益二州，西和诸戎，南抚彝、越，外结孙权，内修政理。,刘备,历史人物,君主,,孔明明,Text,0.8550,{}
69,万之众，颇难争锋；孙权据江东，不可急图。应先取荆、益二州，西和诸戎，南抚彝、越，外结孙权，内修政理。”诸葛亮又取出西川地图，告刘备：“欲成霸业，北让曹操占天时，南让孙权占地利，将军可占人和”；“先取荆州为家，后取西川建基业，以成鼎足之势。然后可图中原”。刘备深受教益，顿开茅塞，便拜请孔明出山相助。孔明感其真诚，答应出山，随刘备同赴新野。孔明出山后，玄德以礼待之，关、张二人不悦。孙权为报父仇，杀死黄祖，出兵柴桑。刘表闻报，病势加重，请刘备来荆州商议报仇之策。第二十八集：火烧博望坡曹操调集大军南侵，派大将夏侯惇领十万大军杀奔新野。刘备请诸葛亮破敌，拜为军师。,孔明,Text,君主,,刘备,历史人物,0.8250,{}
69,万之众，颇难争锋；孙权据江东，不可急图。应先取荆、益二州，西和诸戎，南抚彝、越，外结孙权，内修政理。”诸葛亮又取出西川地图，告刘备：“欲成霸业，北让曹操占天时，南让孙权占地利，将军可占人和”；“先取荆州为家，后取西川建基业，以成鼎足之势。然后可图中原”。刘备深受教益，顿开茅塞，便拜请孔明出山相助。孔明感其真诚，答应出山，随刘备同赴新野。孔明出山后，玄德以礼待之，关、张二人不悦。孙权为报父仇，杀死黄祖，出兵柴桑。刘表闻报，病势加重，请刘备来荆州商议报仇之策。第二十八集：火烧博望坡曹操调集大军南侵，派大将夏侯惇领十万大军杀奔新野。刘备请诸葛亮破敌，拜为军师。,孔明,Text,君主,,诸亮,历史人物,0.9109,{}
69,万之众，颇难争锋；孙权据江东，不可急图。应先取荆、益二州，西和诸戎，南抚彝、越，外结孙权，内修政理。”诸葛亮又取出西川地图，告刘备：“欲成霸业，北让曹操占天时，南让孙权占地利，将军可占人和”；“先取荆州为家，后取西川建基业，以成鼎足之势。然后可图中原”。刘备深受教益，顿开茅塞，便拜请孔明出山相助。孔明感其真诚，答应出山，随刘备同赴新野。孔明出山后，玄德以礼待之，关、张二人不悦。孙权为报父仇，杀死黄祖，出兵柴桑。刘表闻报，病势加重，请刘备来荆州商议报仇之策。第二十八集：火烧博望坡曹操调集大军南侵，派大将夏侯惇领十万大军杀奔新野。刘备请诸葛亮破敌，拜为军师。,刘备,历史人物,君主,,诸亮,历史人物,0.9330,{}
70,第二十八集：火烧博望坡曹操调集大军南侵，派大将夏侯惇领十万大军杀奔新野。刘备请诸葛亮破敌，拜为军师。诸葛亮调兵遣将，命赵云为前部，诱敌入博望坡；派关平、刘封备足引火之物，在博望坡等候，初更兵到即可引火；请刘备引军为后援，敌军一到即弃营而走，但见火起再回军掩杀；亮本人与糜竺、糜芳引军镇守新野县城。关羽、张飞和众将初次见孔明用计，均疑惑不定。夏侯惇与副将于禁、李典率军来到博望。赵云出战，诈败而走。刘备引兵接应，也弃营而逃。,刘备,历史人物,对手,,孔明,Text,0.8636,{}
71,用计，均疑惑不定。夏侯惇与副将于禁、李典率军来到博望。赵云出战，诈败而走。刘备引兵接应，也弃营而逃。夏侯惇欺刘备兵少力弱，放心追赶，时天色已晚，道路狭窄，李典、于禁恐遭火攻，急提醒夏侯惇，惇猛醒悟，但为时已晚，顿时火光四起，曹军大乱，赵云回军赶杀，刘、关、张亦分头杀出，曹军大败，夏侯惇狼狈逃走。至此，关、张等才心服孔明。孙权为报父仇，杀死黄祖，出兵柴桑。刘表闻报，病势加重，欲将荆州托付给刘备，刘备连忙推辞。刘表妻蔡氏为让刘琮继位，时时欲加害刘琦，琦便向刘备求救。刘备示意其向诸葛亮问计，亮以家事不便介入为由避而不答。次日，刘琦宴请诸葛亮，再次问计，亮仍不答。,孔明,Text,对手,,刘琮,人物,0.5330,{}
72,救。刘备示意其向诸葛亮问计，亮以家事不便介入为由避而不答。次日，刘琦宴请诸葛亮，再次问计，亮仍不答。刘琦请诸葛亮登一小楼，并撤去楼梯，第三次问计，如再不相救则拔剑自刎。亮无奈说出春秋时申生在内而亡，重耳在外而安的故事，刘琦于是带兵三千，到江夏屯兵避祸。刘表病危，诸葛亮建议刘备乘机取荆州，以拒曹操。刘备念刘表之恩，不忍图之。不久，刘表病故，蔡氏密不发丧，假写遗嘱，立次子刘琮为荆州之主，蔡瑁独掌荆州大权。建安十三年（公元208年）秋，曹操亲率五十万大军，分五路南侵，欲夺荆州，刘琮不战而降，将荆州九郡献与曹操。,刘备,历史人物,君主,,诸亮,历史人物,0.9742,{}
72,救。刘备示意其向诸葛亮问计，亮以家事不便介入为由避而不答。次日，刘琦宴请诸葛亮，再次问计，亮仍不答。刘琦请诸葛亮登一小楼，并撤去楼梯，第三次问计，如再不相救则拔剑自刎。亮无奈说出春秋时申生在内而亡，重耳在外而安的故事，刘琦于是带兵三千，到江夏屯兵避祸。刘表病危，诸葛亮建议刘备乘机取荆州，以拒曹操。刘备念刘表之恩，不忍图之。不久，刘表病故，蔡氏密不发丧，假写遗嘱，立次子刘琮为荆州之主，蔡瑁独掌荆州大权。建安十三年（公元208年）秋，曹操亲率五十万大军，分五路南侵，欲夺荆州，刘琮不战而降，将荆州九郡献与曹操。,刘备,历史人物,君主,,春秋,Text,0.9568,{}
72,救。刘备示意其向诸葛亮问计，亮以家事不便介入为由避而不答。次日，刘琦宴请诸葛亮，再次问计，亮仍不答。刘琦请诸葛亮登一小楼，并撤去楼梯，第三次问计，如再不相救则拔剑自刎。亮无奈说出春秋时申生在内而亡，重耳在外而安的故事，刘琦于是带兵三千，到江夏屯兵避祸。刘表病危，诸葛亮建议刘备乘机取荆州，以拒曹操。刘备念刘表之恩，不忍图之。不久，刘表病故，蔡氏密不发丧，假写遗嘱，立次子刘琮为荆州之主，蔡瑁独掌荆州大权。建安十三年（公元208年）秋，曹操亲率五十万大军，分五路南侵，欲夺荆州，刘琮不战而降，将荆州九郡献与曹操。,刘备,历史人物,君主,,刘,历史人物,0.9686,{}
72,救。刘备示意其向诸葛亮问计，亮以家事不便介入为由避而不答。次日，刘琦宴请诸葛亮，再次问计，亮仍不答。刘琦请诸葛亮登一小楼，并撤去楼梯，第三次问计，如再不相救则拔剑自刎。亮无奈说出春秋时申生在内而亡，重耳在外而安的故事，刘琦于是带兵三千，到江夏屯兵避祸。刘表病危，诸葛亮建议刘备乘机取荆州，以拒曹操。刘备念刘表之恩，不忍图之。不久，刘表病故，蔡氏密不发丧，假写遗嘱，立次子刘琮为荆州之主，蔡瑁独掌荆州大权。建安十三年（公元208年）秋，曹操亲率五十万大军，分五路南侵，欲夺荆州，刘琮不战而降，将荆州九郡献与曹操。,诸亮,历史人物,君主,,春秋,Text,0.9659,{}
72,救。刘备示意其向诸葛亮问计，亮以家事不便介入为由避而不答。次日，刘琦宴请诸葛亮，再次问计，亮仍不答。刘琦请诸葛亮登一小楼，并撤去楼梯，第三次问计，如再不相救则拔剑自刎。亮无奈说出春秋时申生在内而亡，重耳在外而安的故事，刘琦于是带兵三千，到江夏屯兵避祸。刘表病危，诸葛亮建议刘备乘机取荆州，以拒曹操。刘备念刘表之恩，不忍图之。不久，刘表病故，蔡氏密不发丧，假写遗嘱，立次子刘琮为荆州之主，蔡瑁独掌荆州大权。建安十三年（公元208年）秋，曹操亲率五十万大军，分五路南侵，欲夺荆州，刘琮不战而降，将荆州九郡献与曹操。,诸亮,历史人物,君主,,刘,历史人物,0.9741,{}
72,救。刘备示意其向诸葛亮问计，亮以家事不便介入为由避而不答。次日，刘琦宴请诸葛亮，再次问计，亮仍不答。刘琦请诸葛亮登一小楼，并撤去楼梯，第三次问计，如再不相救则拔剑自刎。亮无奈说出春秋时申生在内而亡，重耳在外而安的故事，刘琦于是带兵三千，到江夏屯兵避祸。刘表病危，诸葛亮建议刘备乘机取荆州，以拒曹操。刘备念刘表之恩，不忍图之。不久，刘表病故，蔡氏密不发丧，假写遗嘱，立次子刘琮为荆州之主，蔡瑁独掌荆州大权。建安十三年（公元208年）秋，曹操亲率五十万大军，分五路南侵，欲夺荆州，刘琮不战而降，将荆州九郡献与曹操。,春秋,Text,君主,,刘,历史人物,0.9611,{}
75,一土墙下枯井旁找到糜夫人。糜夫人身受重伤。云要保其回营，糜夫人恐拖累赵云，将阿斗托与赵云，投井而死。云推倒土墙盖住枯井，怀抱阿斗，在曹军中奋勇冲杀，直透重围。第三十集：舌战群儒曹操在山上观战，见赵云勇不可当，下令：“擒拿赵子龙，不许放冷箭，只许活捉。”云趁势砍杀，冲出重围，至长坂桥遇张飞，将阿斗交与刘备手中。张飞在桥上令二十余兵砍下树枝，拴在马尾上，在树林内往来驰骋，掀起尘埃，虚张声势。他怒目横矛，立马桥上。曹军见尘土飞扬，疑有伏兵，不敢上前。张飞怒喝一声，曹将夏侯杰惊得肝胆碎裂，倒于马下，曹操大惊，惶乱中拨马而逃。建安十三年（公元208年），在曹操大军的威逼之下，荆州刘表之子刘琮献城降曹。,糜,人物,对手,,刘表,人物,0.9252,{}
75,一土墙下枯井旁找到糜夫人。糜夫人身受重伤。云要保其回营，糜夫人恐拖累赵云，将阿斗托与赵云，投井而死。云推倒土墙盖住枯井，怀抱阿斗，在曹军中奋勇冲杀，直透重围。第三十集：舌战群儒曹操在山上观战，见赵云勇不可当，下令：“擒拿赵子龙，不许放冷箭，只许活捉。”云趁势砍杀，冲出重围，至长坂桥遇张飞，将阿斗交与刘备手中。张飞在桥上令二十余兵砍下树枝，拴在马尾上，在树林内往来驰骋，掀起尘埃，虚张声势。他怒目横矛，立马桥上。曹军见尘土飞扬，疑有伏兵，不敢上前。张飞怒喝一声，曹将夏侯杰惊得肝胆碎裂，倒于马下，曹操大惊，惶乱中拨马而逃。建安十三年（公元208年），在曹操大军的威逼之下，荆州刘表之子刘琮献城降曹。,糜,人物,对手,,刘琮,人物,0.9245,{}
75,一土墙下枯井旁找到糜夫人。糜夫人身受重伤。云要保其回营，糜夫人恐拖累赵云，将阿斗托与赵云，投井而死。云推倒土墙盖住枯井，怀抱阿斗，在曹军中奋勇冲杀，直透重围。第三十集：舌战群儒曹操在山上观战，见赵云勇不可当，下令：“擒拿赵子龙，不许放冷箭，只许活捉。”云趁势砍杀，冲出重围，至长坂桥遇张飞，将阿斗交与刘备手中。张飞在桥上令二十余兵砍下树枝，拴在马尾上，在树林内往来驰骋，掀起尘埃，虚张声势。他怒目横矛，立马桥上。曹军见尘土飞扬，疑有伏兵，不敢上前。张飞怒喝一声，曹将夏侯杰惊得肝胆碎裂，倒于马下，曹操大惊，惶乱中拨马而逃。建安十三年（公元208年），在曹操大军的威逼之下，荆州刘表之子刘琮献城降曹。,刘表,人物,对手,,刘琮,人物,0.9075,{}
76,操大惊，惶乱中拨马而逃。建安十三年（公元208年），在曹操大军的威逼之下，荆州刘表之子刘琮献城降曹。刘备弃樊城携民渡江，败走汉津，投江夏刘琦处暂避。曹操乘胜率八十三万大军威逼江东，陈兵长江北岸，虎视江东六郡。消息传来，东吴朝野一片震惊，武将要战，文官主降，争论不休。孙权不甘降曹，又恐力量不敌，举棋不定。鲁子敬力排众议，愿亲到江夏，搬请诸葛亮共议破曹大计。孙权因刘备两次打败曹操，急于摸清曹军兵力，同意鲁肃去江夏探听虚实。诸葛亮于是决定只身入吴，要凭三寸不烂之舌，去说孙、曹两家互相吞并。诸葛亮在鲁肃邀请下出使东吴，东吴众臣蔑视孔明，在谒见孙权之前，先安排他在集贤堂与众官相会，想杀杀他的威风。,刘表,人物,君主,,刘琮,人物,0.5348,{}
76,操大惊，惶乱中拨马而逃。建安十三年（公元208年），在曹操大军的威逼之下，荆州刘表之子刘琮献城降曹。刘备弃樊城携民渡江，败走汉津，投江夏刘琦处暂避。曹操乘胜率八十三万大军威逼江东，陈兵长江北岸，虎视江东六郡。消息传来，东吴朝野一片震惊，武将要战，文官主降，争论不休。孙权不甘降曹，又恐力量不敌，举棋不定。鲁子敬力排众议，愿亲到江夏，搬请诸葛亮共议破曹大计。孙权因刘备两次打败曹操，急于摸清曹军兵力，同意鲁肃去江夏探听虚实。诸葛亮于是决定只身入吴，要凭三寸不烂之舌，去说孙、曹两家互相吞并。诸葛亮在鲁肃邀请下出使东吴，东吴众臣蔑视孔明，在谒见孙权之前，先安排他在集贤堂与众官相会，想杀杀他的威风。,刘表,人物,对手,,孔明,Text,0.5321,{}
76,操大惊，惶乱中拨马而逃。建安十三年（公元208年），在曹操大军的威逼之下，荆州刘表之子刘琮献城降曹。刘备弃樊城携民渡江，败走汉津，投江夏刘琦处暂避。曹操乘胜率八十三万大军威逼江东，陈兵长江北岸，虎视江东六郡。消息传来，东吴朝野一片震惊，武将要战，文官主降，争论不休。孙权不甘降曹，又恐力量不敌，举棋不定。鲁子敬力排众议，愿亲到江夏，搬请诸葛亮共议破曹大计。孙权因刘备两次打败曹操，急于摸清曹军兵力，同意鲁肃去江夏探听虚实。诸葛亮于是决定只身入吴，要凭三寸不烂之舌，去说孙、曹两家互相吞并。诸葛亮在鲁肃邀请下出使东吴，东吴众臣蔑视孔明，在谒见孙权之前，先安排他在集贤堂与众官相会，想杀杀他的威风。,刘琮,人物,对手,,孔明,Text,0.5286,{}
77,在鲁肃邀请下出使东吴，东吴众臣蔑视孔明，在谒见孙权之前，先安排他在集贤堂与众官相会，想杀杀他的威风。东吴重臣张昭、顾雍等知诸葛亮来意，纷纷向诸葛亮发难，气势汹汹，不可一世。诸葛亮面对群儒，从容不迫，对答如流，以降曹必亡，曹军可以打败之理，说服众臣，驳得张昭“瞠目结舌，无言答对”；虞翻“面红耳赤，低头不语”；步骘、薛琮“语塞口呆”。第三十一集：智激周瑜老将黄盖力主抗曹，他请孔明以孙、刘联兵破曹之策，说动孙权。诸葛亮为使孙权打消顾虑，增强抗曹信心，先以言词激之，后以权衡利害得失动之，使孙权接受破曹之计。,孔明,Text,君主,,亮,历史人物,0.4951,{}
81,未见成效，又想借曹操之手杀亮，又被亮识破。周瑜便诱请刘备过江，想借机杀之，因关羽跟随左右，未敢动手。刘备离东吴时，希亮同归，免遭不测，亮告备：“应立即调动船只、军马以备破曹之用。十一月二十甲子日为期，命赵云驾小舟来南屏山等候，切勿有误，待东南风起时，亮必归。”第三十三集：群英会周瑜接受鲁肃建议，决定待破曹之后再除孔明。瑜先派甘宁向曹操讨战，首战告捷，还亲自去窥探曹营水寨实情。曹操闻报大怒，要设计破吴，谋士蒋干自告奋勇往江东说降周瑜。周瑜知其来意，设宴款待，假意宣称蒋干乃瑜旧友，并非曹操说客，却暗中布置钓钩。瑜命太史慈监酒，宣称席前只叙友情，不谈国事，违令者即斩之。,刘备,历史人物,对手,,孔明,Text,0.9796,{}
83,时盛怒，将蔡瑁、张允斩首。待操省悟，方知中计，但为时已晚。曹军失去了水军都督，只好由于禁、毛玠接任。第三十四集：草船借箭周瑜此计，被诸葛亮看穿，这使周瑜更加忌恨，决心要除掉诸葛亮，以绝后患。他为难诸葛亮，限其十日监造十万枝箭，以作攻敌之用。诸葛亮从容不迫，反提出：大战在即，十日太多，改作三日即可。周瑜虽震惊，但心中暗喜，恐其有变，逼孔明立下军令状。鲁肃深为孔明担忧，而亮却若无其事，只请鲁肃助他二十只船，每船配军士三十人，备齐鼓乐，船上用青布为幔，船中用草束分布两侧，并嘱咐肃：“这次人命关天，千万不可让公瑾得知。”第三天凌晨，船向江北进发，五更时，大雾漫江，亮下令将船只靠近曹军水寨，一字摆开。,周,历史人物,对手,,孔明,Text,0.8602,{}
84,万不可让公瑾得知。”第三天凌晨，船向江北进发，五更时，大雾漫江，亮下令将船只靠近曹军水寨，一字摆开。亮在船舱与鲁肃饮酒，并弹奏古曲助兴，又命军士擂鼓呐喊，惊动了曹军水寨。曹操闻报，令弓弩手万箭齐发，船一侧受重倾斜，诸葛亮又令将船只掉头，继续受箭，箭均船平。大雾将消，亮下令返回。这时二十只船两边草束都已插满羽箭，十余万箭枝轻而易举地到手，按期交付，周瑜无可奈何地惊叹：“孔明神机妙算，吾不如也。”只好请诸葛亮协助，共同抗曹。,孔明,Text,对手,,诸葛亮,历史人物,0.9768,{}
85,而易举地到手，按期交付，周瑜无可奈何地惊叹：“孔明神机妙算，吾不如也。”只好请诸葛亮协助，共同抗曹。第三十五集：苦肉计蒋干盗书使曹操错杀水军都督蔡瑁、张允，草船借箭又令曹操平白折损十五六万枝羽箭，连续的失利使曹操极为恼火，遂采纳谋士荀攸的诈降计，派遣蔡瑁族弟蔡中、蔡和过江假降东吴作为内应。谁知此举仍在周瑜的预料之中，他借此将计就计，欲施苦肉计，以实现其火攻曹操的大计，奈何一时又找不到合适人选。正焦虑中，老将黄盖押粮归营，识破都督心事，自告奋勇，甘受肉刑。周瑜感动不已。次日，中军大帐内，周瑜在众将及蔡中、蔡和面前重责黄盖五十大棍。众将苦劝不住，只打得黄盖皮开肉绽，气息奄奄方止。,孔明,Text,对手,,周瑜,历史人物,0.9798,{}
88,中安排他与名士庞统相见。蒋干见此行又难立功，如将庞统荐与曹操，辅佐丞相以建功业，也算自己的一大功劳。二人商议已定，却是各怀心事来到曹营。曹操见庞统来到果然大喜，亲与庞统视察军中各寨，庞统相机处事，巧献连环计之后，又以去东吴劝众将来降为由，骗得丞相榜文，只身回东吴。就在庞统逍遥自得地走下江堤，正要上船之际，突然被人一把抓住，道出庞统真意。庞统顿时僵在那里。被识破心机的庞统回头一看，原来是进曹营一言不发的故友徐庶，方才放下心来。徐庶向他求教脱身之计，庞统授之，二人告别。在烟波浩渺的江上，庞统驾一叶扁舟，在暮色中远去。曹操按庞统的连环计将战船锁于一处，雄伟地并排于江面上，声势甚为壮观。,统,历史人物,对手,,东吴,Text,0.8263,{}
89,，庞统驾一叶扁舟，在暮色中远去。曹操按庞统的连环计将战船锁于一处，雄伟地并排于江面上，声势甚为壮观。曹操与群僚前来巡视，众僚齐声：“丞相南下，灭吴指日可待！”曹操喜不自禁，令天下第一乐师师勖重铸钟吕，恢复古乐，于当月十五日在楼船置酒设乐，以歌舞助军威。师勖领命，精工制作，稍有瑕疵，便一锤砸毁重铸。第三十七集：横槊赋诗十五日夜，风平浪静，皎如白日，曹操与众武将及百官幕僚在凝重浑厚的古乐声中，登上楼船，置酒作乐，舞姿豪放，鼓声隆隆，好不气派！身着红袍的曹操，踌躇满志，直抒豪情，横槊赋诗，对酒作歌。,庞,历史人物,君主,,师,历史人物,0.9589,{}
89,，庞统驾一叶扁舟，在暮色中远去。曹操按庞统的连环计将战船锁于一处，雄伟地并排于江面上，声势甚为壮观。曹操与群僚前来巡视，众僚齐声：“丞相南下，灭吴指日可待！”曹操喜不自禁，令天下第一乐师师勖重铸钟吕，恢复古乐，于当月十五日在楼船置酒设乐，以歌舞助军威。师勖领命，精工制作，稍有瑕疵，便一锤砸毁重铸。第三十七集：横槊赋诗十五日夜，风平浪静，皎如白日，曹操与众武将及百官幕僚在凝重浑厚的古乐声中，登上楼船，置酒作乐，舞姿豪放，鼓声隆隆，好不气派！身着红袍的曹操，踌躇满志，直抒豪情，横槊赋诗，对酒作歌。,庞,历史人物,君主,,曹操,人物,0.9527,{}
89,，庞统驾一叶扁舟，在暮色中远去。曹操按庞统的连环计将战船锁于一处，雄伟地并排于江面上，声势甚为壮观。曹操与群僚前来巡视，众僚齐声：“丞相南下，灭吴指日可待！”曹操喜不自禁，令天下第一乐师师勖重铸钟吕，恢复古乐，于当月十五日在楼船置酒设乐，以歌舞助军威。师勖领命，精工制作，稍有瑕疵，便一锤砸毁重铸。第三十七集：横槊赋诗十五日夜，风平浪静，皎如白日，曹操与众武将及百官幕僚在凝重浑厚的古乐声中，登上楼船，置酒作乐，舞姿豪放，鼓声隆隆，好不气派！身着红袍的曹操，踌躇满志，直抒豪情，横槊赋诗，对酒作歌。,师,历史人物,君主,,曹操,人物,0.9456,{}
90,船，置酒作乐，舞姿豪放，鼓声隆隆，好不气派！身着红袍的曹操，踌躇满志，直抒豪情，横槊赋诗，对酒作歌。诗尽歌罢，曹操酒意焕发，洋洋自得，笑问师勖，希望能得到他的赞赏，哪知师勖天性质朴，在赞誉丞相美诗之余，又直言指出诗中不祥之言。由此触怒曹操，只见他大喝一声，手起一槊，刺入师勖胸口。可怜一代乐师，因其真诚却不谙时务，便静静地躺在他尽心尽力为之服务的主子刀下。众臣惊骇万状，曹操也大叫一声，一头栽向甲板，醒后便以酒醉误伤之说了之。师勖得到的只是厚葬和丞相身上的那件红袍。新任水军都督毛玠、于禁请丞相阅兵。,曹,人物,君主,,操,历史人物,0.9703,{}
91,醒后便以酒醉误伤之说了之。师勖得到的只是厚葬和丞相身上的那件红袍。新任水军都督毛玠、于禁请丞相阅兵。曹操看罢江面上五队连环大船排演各种阵法，兵士在连锁铁舟上，来往自如，渡江踏浪如履平地，甚为欣慰，想想伐吴指日可待，必会一举成功，面呈自得，狂傲不可一世。谋士程昱提醒丞相谨防火攻，曹操大笑，令取火具点燃。北风甚急，点燃的火苗竟向程昱自己胸前烧来。曹操说隆冬时节只有西风、北风，不会有东风、南风，所以不必忧虑，众将齐赞丞相英明。东吴水师来战，曹操先用小船去战以试军情，又用连环大船出击，得胜而归。由此更增添了曹操此番必胜的信心和傲气。,东吴,Text,君主,,曹操,历史人物,0.6490,{}
93,大帐，只写了个十六字的秘方，周瑜便一跃而起。孔明让周瑜建一“七星坛”，他可借三天三夜东南大风与周郎。周瑜激动万分。对孔明借风一事，鲁肃此番已深信不疑，一切按孔明吩咐办，诸葛亮看着忠厚的鲁肃，面呈别离难舍之情。鲁肃正欲再问，孔明毅然转身，跣足登山上坛祭风去了。周瑜调兵遣将，一切布置完毕，只等东南风起。一天过去不见有风，将近黄昏，周郎心中也开始动摇。忽然东南风掀动帐幕，吴军所有战旗哗哗作响，齐齐飘回西北，周瑜骇然，一面发令攻曹，一面派丁奉、徐盛二人分水旱路直奔南屏山七星坛，见到孔明立即斩首。鲁肃大惊却阻止不住。,周瑜,历史人物,对手,,明,Text,0.7019,{}
93,大帐，只写了个十六字的秘方，周瑜便一跃而起。孔明让周瑜建一“七星坛”，他可借三天三夜东南大风与周郎。周瑜激动万分。对孔明借风一事，鲁肃此番已深信不疑，一切按孔明吩咐办，诸葛亮看着忠厚的鲁肃，面呈别离难舍之情。鲁肃正欲再问，孔明毅然转身，跣足登山上坛祭风去了。周瑜调兵遣将，一切布置完毕，只等东南风起。一天过去不见有风，将近黄昏，周郎心中也开始动摇。忽然东南风掀动帐幕，吴军所有战旗哗哗作响，齐齐飘回西北，周瑜骇然，一面发令攻曹，一面派丁奉、徐盛二人分水旱路直奔南屏山七星坛，见到孔明立即斩首。鲁肃大惊却阻止不住。,周瑜,历史人物,对手,,诸葛亮,历史人物,0.9271,{}
93,大帐，只写了个十六字的秘方，周瑜便一跃而起。孔明让周瑜建一“七星坛”，他可借三天三夜东南大风与周郎。周瑜激动万分。对孔明借风一事，鲁肃此番已深信不疑，一切按孔明吩咐办，诸葛亮看着忠厚的鲁肃，面呈别离难舍之情。鲁肃正欲再问，孔明毅然转身，跣足登山上坛祭风去了。周瑜调兵遣将，一切布置完毕，只等东南风起。一天过去不见有风，将近黄昏，周郎心中也开始动摇。忽然东南风掀动帐幕，吴军所有战旗哗哗作响，齐齐飘回西北，周瑜骇然，一面发令攻曹，一面派丁奉、徐盛二人分水旱路直奔南屏山七星坛，见到孔明立即斩首。鲁肃大惊却阻止不住。,周瑜,历史人物,对手,,孔明,Text,0.8746,{}
93,大帐，只写了个十六字的秘方，周瑜便一跃而起。孔明让周瑜建一“七星坛”，他可借三天三夜东南大风与周郎。周瑜激动万分。对孔明借风一事，鲁肃此番已深信不疑，一切按孔明吩咐办，诸葛亮看着忠厚的鲁肃，面呈别离难舍之情。鲁肃正欲再问，孔明毅然转身，跣足登山上坛祭风去了。周瑜调兵遣将，一切布置完毕，只等东南风起。一天过去不见有风，将近黄昏，周郎心中也开始动摇。忽然东南风掀动帐幕，吴军所有战旗哗哗作响，齐齐飘回西北，周瑜骇然，一面发令攻曹，一面派丁奉、徐盛二人分水旱路直奔南屏山七星坛，见到孔明立即斩首。鲁肃大惊却阻止不住。,明,Text,对手,,诸葛亮,历史人物,0.9658,{}
93,大帐，只写了个十六字的秘方，周瑜便一跃而起。孔明让周瑜建一“七星坛”，他可借三天三夜东南大风与周郎。周瑜激动万分。对孔明借风一事，鲁肃此番已深信不疑，一切按孔明吩咐办，诸葛亮看着忠厚的鲁肃，面呈别离难舍之情。鲁肃正欲再问，孔明毅然转身，跣足登山上坛祭风去了。周瑜调兵遣将，一切布置完毕，只等东南风起。一天过去不见有风，将近黄昏，周郎心中也开始动摇。忽然东南风掀动帐幕，吴军所有战旗哗哗作响，齐齐飘回西北，周瑜骇然，一面发令攻曹，一面派丁奉、徐盛二人分水旱路直奔南屏山七星坛，见到孔明立即斩首。鲁肃大惊却阻止不住。,明,Text,对手,,孔明,Text,0.9080,{}
93,大帐，只写了个十六字的秘方，周瑜便一跃而起。孔明让周瑜建一“七星坛”，他可借三天三夜东南大风与周郎。周瑜激动万分。对孔明借风一事，鲁肃此番已深信不疑，一切按孔明吩咐办，诸葛亮看着忠厚的鲁肃，面呈别离难舍之情。鲁肃正欲再问，孔明毅然转身，跣足登山上坛祭风去了。周瑜调兵遣将，一切布置完毕，只等东南风起。一天过去不见有风，将近黄昏，周郎心中也开始动摇。忽然东南风掀动帐幕，吴军所有战旗哗哗作响，齐齐飘回西北，周瑜骇然，一面发令攻曹，一面派丁奉、徐盛二人分水旱路直奔南屏山七星坛，见到孔明立即斩首。鲁肃大惊却阻止不住。,诸葛亮,历史人物,对手,,孔明,Text,0.9552,{}
95,下军令状。第三十九集：火烧赤壁东南风起，周瑜出兵前斩杀降将蔡和以血祭旗。黄盖率火船乘风直奔曹军水寨。曹操在战船楼台闻报江南一簇船帆隐隐而来。操笑曰：“公覆果不失信，此天助我也！”程昱说：“来船有诈，休叫进寨。”操曰：“何以知之？”程昱又说：“黄盖来信告知押粮船来降，如是粮船，则船必稳重而吃水深。今观来船，轻而且浮，更兼今夜东南风甚紧，倘若诈降，又用火攻，何以挡之？”曹操听后大悟，忙下令阻拦来船进寨。说时已迟，只见黄盖举弩放箭，下令各船点火冲寨。瞬间二十只火船撞入水寨，火趁风威，风助火势，曹寨中船只又被铁锁连环，无处逃避。曹操火中逃命，径奔乌林。,周瑜,历史人物,对手,,程昱,历史人物,0.9724,{}
98,着赏品，惟独关羽却面临着严厉的军法处置。就在关羽顺从领死之时，众将及刘备纷纷起身求情，诸葛亮方应允。逃至南郡的曹操惊魂初歇，痛定思痛，放声哀哭不已，大喊郭嘉，言：“若奉孝在，安能让我有如此的惨败！”最后留一密计给南郡守将曹仁，率军暂回许都。周瑜乘赤壁之胜，挥师攻打南郡。与此同时，刘备与诸葛亮亦屯兵油江口。周瑜疑孔明有取南郡之意，便携兵问之。诸葛亮授计刘备言激周瑜应下东吴取不下南郡，刘备可取的誓约。孤傲的周瑜一时赌气答应下来。周瑜派蒋钦、丁奉、徐盛去攻打南郡，不料被曹仁所败；派甘宁去取彝陵，又被围困在城中。周瑜大怒，亲统兵杀败曹军，夺了彝陵，并乘势把南郡城团团围住。,刘备,历史人物,对手,,孔明,Text,0.9533,{}
98,着赏品，惟独关羽却面临着严厉的军法处置。就在关羽顺从领死之时，众将及刘备纷纷起身求情，诸葛亮方应允。逃至南郡的曹操惊魂初歇，痛定思痛，放声哀哭不已，大喊郭嘉，言：“若奉孝在，安能让我有如此的惨败！”最后留一密计给南郡守将曹仁，率军暂回许都。周瑜乘赤壁之胜，挥师攻打南郡。与此同时，刘备与诸葛亮亦屯兵油江口。周瑜疑孔明有取南郡之意，便携兵问之。诸葛亮授计刘备言激周瑜应下东吴取不下南郡，刘备可取的誓约。孤傲的周瑜一时赌气答应下来。周瑜派蒋钦、丁奉、徐盛去攻打南郡，不料被曹仁所败；派甘宁去取彝陵，又被围困在城中。周瑜大怒，亲统兵杀败曹军，夺了彝陵，并乘势把南郡城团团围住。,刘备,历史人物,对手,,东,Text,0.9531,{}
98,着赏品，惟独关羽却面临着严厉的军法处置。就在关羽顺从领死之时，众将及刘备纷纷起身求情，诸葛亮方应允。逃至南郡的曹操惊魂初歇，痛定思痛，放声哀哭不已，大喊郭嘉，言：“若奉孝在，安能让我有如此的惨败！”最后留一密计给南郡守将曹仁，率军暂回许都。周瑜乘赤壁之胜，挥师攻打南郡。与此同时，刘备与诸葛亮亦屯兵油江口。周瑜疑孔明有取南郡之意，便携兵问之。诸葛亮授计刘备言激周瑜应下东吴取不下南郡，刘备可取的誓约。孤傲的周瑜一时赌气答应下来。周瑜派蒋钦、丁奉、徐盛去攻打南郡，不料被曹仁所败；派甘宁去取彝陵，又被围困在城中。周瑜大怒，亲统兵杀败曹军，夺了彝陵，并乘势把南郡城团团围住。,孔明,Text,对手,,东,Text,0.9208,{}
101,都督前约，已把南郡夺了。周瑜大怒，喝令攻城！赵云及众兵将满弓以对，鲁肃见状，劝周瑜先夺取荆州、襄阳。周瑜依鲁肃言派将刚毕，就有探马先后来报：荆州被张飞取了；襄阳也落入刘备之手。周瑜闻言面无血色，急问原由，探马将诸葛亮如何取二城经过一说，周瑜大叫一声：气死我也！仰身栽落马下。第四十一集：力夺四郡南郡之战中，诸葛亮趁周瑜与曹仁厮杀苦战之际，派大将赵云智取南郡，并利用夺得之兵符，又一举袭取了荆、襄二城。周瑜气急，箭疮迸裂，吐血坠马，待他从昏迷中醒来之时，立即要起兵与诸葛亮决一雌雄。鲁肃考虑到如孙刘两家相拼，曹操必会乘虚而入报赤壁之仇，便自荐去荆州以道理说服刘备、孔明，周瑜只好应允。,孔明,Text,对手,,周瑜,历史人物,0.9281,{}
102,肃考虑到如孙刘两家相拼，曹操必会乘虚而入报赤壁之仇，便自荐去荆州以道理说服刘备、孔明，周瑜只好应允。鲁肃来到荆州受到刘备热诚的接待，待鲁肃理直气壮地说出荆襄之事时，却又被孔明以更充分的理由驳倒。鲁肃只好作罢，等待刘琦公子病逝后再谈归还之事。刘备、诸葛亮夺取荆、襄、南郡之后，广招贤士，商议久远之计，刘备听从伊籍、马良建议，表奏公子刘琦为荆州刺史，以安民心，然后实行南征长沙、桂阳、武陵、零陵四郡，积收钱粮，以为根本的战略。诸葛亮命关羽镇守荆州，亲率张飞、赵云首先攻取零陵。零陵太守刘度父子听从大将邢道荣之言与诸葛亮摆开阵势。赵云只一箭便刺死邢道荣，刘度父子只好负荆而降。,刘备,历史人物,君主,,孔明,Text,0.7771,{}
102,肃考虑到如孙刘两家相拼，曹操必会乘虚而入报赤壁之仇，便自荐去荆州以道理说服刘备、孔明，周瑜只好应允。鲁肃来到荆州受到刘备热诚的接待，待鲁肃理直气壮地说出荆襄之事时，却又被孔明以更充分的理由驳倒。鲁肃只好作罢，等待刘琦公子病逝后再谈归还之事。刘备、诸葛亮夺取荆、襄、南郡之后，广招贤士，商议久远之计，刘备听从伊籍、马良建议，表奏公子刘琦为荆州刺史，以安民心，然后实行南征长沙、桂阳、武陵、零陵四郡，积收钱粮，以为根本的战略。诸葛亮命关羽镇守荆州，亲率张飞、赵云首先攻取零陵。零陵太守刘度父子听从大将邢道荣之言与诸葛亮摆开阵势。赵云只一箭便刺死邢道荣，刘度父子只好负荆而降。,刘备,历史人物,君主,,刘,人物,0.7339,{}
102,肃考虑到如孙刘两家相拼，曹操必会乘虚而入报赤壁之仇，便自荐去荆州以道理说服刘备、孔明，周瑜只好应允。鲁肃来到荆州受到刘备热诚的接待，待鲁肃理直气壮地说出荆襄之事时，却又被孔明以更充分的理由驳倒。鲁肃只好作罢，等待刘琦公子病逝后再谈归还之事。刘备、诸葛亮夺取荆、襄、南郡之后，广招贤士，商议久远之计，刘备听从伊籍、马良建议，表奏公子刘琦为荆州刺史，以安民心，然后实行南征长沙、桂阳、武陵、零陵四郡，积收钱粮，以为根本的战略。诸葛亮命关羽镇守荆州，亲率张飞、赵云首先攻取零陵。零陵太守刘度父子听从大将邢道荣之言与诸葛亮摆开阵势。赵云只一箭便刺死邢道荣，刘度父子只好负荆而降。,刘备,历史人物,君主,,琦,历史人物,0.8813,{}
102,肃考虑到如孙刘两家相拼，曹操必会乘虚而入报赤壁之仇，便自荐去荆州以道理说服刘备、孔明，周瑜只好应允。鲁肃来到荆州受到刘备热诚的接待，待鲁肃理直气壮地说出荆襄之事时，却又被孔明以更充分的理由驳倒。鲁肃只好作罢，等待刘琦公子病逝后再谈归还之事。刘备、诸葛亮夺取荆、襄、南郡之后，广招贤士，商议久远之计，刘备听从伊籍、马良建议，表奏公子刘琦为荆州刺史，以安民心，然后实行南征长沙、桂阳、武陵、零陵四郡，积收钱粮，以为根本的战略。诸葛亮命关羽镇守荆州，亲率张飞、赵云首先攻取零陵。零陵太守刘度父子听从大将邢道荣之言与诸葛亮摆开阵势。赵云只一箭便刺死邢道荣，刘度父子只好负荆而降。,孔明,Text,君主,,刘,人物,0.7856,{}
102,肃考虑到如孙刘两家相拼，曹操必会乘虚而入报赤壁之仇，便自荐去荆州以道理说服刘备、孔明，周瑜只好应允。鲁肃来到荆州受到刘备热诚的接待，待鲁肃理直气壮地说出荆襄之事时，却又被孔明以更充分的理由驳倒。鲁肃只好作罢，等待刘琦公子病逝后再谈归还之事。刘备、诸葛亮夺取荆、襄、南郡之后，广招贤士，商议久远之计，刘备听从伊籍、马良建议，表奏公子刘琦为荆州刺史，以安民心，然后实行南征长沙、桂阳、武陵、零陵四郡，积收钱粮，以为根本的战略。诸葛亮命关羽镇守荆州，亲率张飞、赵云首先攻取零陵。零陵太守刘度父子听从大将邢道荣之言与诸葛亮摆开阵势。赵云只一箭便刺死邢道荣，刘度父子只好负荆而降。,孔明,Text,君主,,琦,历史人物,0.8796,{}
102,肃考虑到如孙刘两家相拼，曹操必会乘虚而入报赤壁之仇，便自荐去荆州以道理说服刘备、孔明，周瑜只好应允。鲁肃来到荆州受到刘备热诚的接待，待鲁肃理直气壮地说出荆襄之事时，却又被孔明以更充分的理由驳倒。鲁肃只好作罢，等待刘琦公子病逝后再谈归还之事。刘备、诸葛亮夺取荆、襄、南郡之后，广招贤士，商议久远之计，刘备听从伊籍、马良建议，表奏公子刘琦为荆州刺史，以安民心，然后实行南征长沙、桂阳、武陵、零陵四郡，积收钱粮，以为根本的战略。诸葛亮命关羽镇守荆州，亲率张飞、赵云首先攻取零陵。零陵太守刘度父子听从大将邢道荣之言与诸葛亮摆开阵势。赵云只一箭便刺死邢道荣，刘度父子只好负荆而降。,刘,人物,君主,,琦,历史人物,0.8360,{}
103,。零陵太守刘度父子听从大将邢道荣之言与诸葛亮摆开阵势。赵云只一箭便刺死邢道荣，刘度父子只好负荆而降。刘备又得一郡十分欢喜，他面对众将说，桂阳何人敢取？赵云、张飞都愿往，孔明派赵云去，张飞不服，嚷着要抓阄来定，到头还是他输了。张飞悻悻之时，孔明又派他去取武陵，张飞大喜，并依军师言，都立军令状出征。桂阳太守赵范献城与赵云，并与赵云结为兄弟，赵范见赵云正合寡居家嫂的再婚条件，便有心成全好事，谁料却被赵云认为是乱人伦，悖纲常的错事，怒而责之。赵范之嫂闻言羞而悬梁。与此同时张飞也轻易夺回武陵。两处战报传入荆州，关羽即上书刘备，请命攻打长沙。,孔明,Text,对手,,刘,历史人物,0.6836,{}
104,。赵范之嫂闻言羞而悬梁。与此同时张飞也轻易夺回武陵。两处战报传入荆州，关羽即上书刘备，请命攻打长沙。孔明告知关羽，长沙有一员老将黄忠，有万夫不当之勇，且文韬武略无一不精，嘱其不可大意。关羽傲而不悦，只带五百校刀手前往。关羽在长沙城下一刀斩杨龄于马下，却与黄忠大战百余回合不分胜负，来日又战，关羽用拖刀计将黄忠置于死地却没有杀他。黄忠施百步穿杨之绝技射中关羽的盔缨。太守韩玄怒责黄忠通敌，将其绑缚杀场。魏延救下黄忠，杀死韩玄，大开城门迎接关羽。刘备、孔明入城，惟独不见黄忠，便亲去探望，见老将军仰卧于梅花丛中的石凳上，赤裸上身，白须白发散落凳下，汗巾蒙面，仰对苍天。,刘备,历史人物,对手,,孔明,Text,0.8592,{}
104,。赵范之嫂闻言羞而悬梁。与此同时张飞也轻易夺回武陵。两处战报传入荆州，关羽即上书刘备，请命攻打长沙。孔明告知关羽，长沙有一员老将黄忠，有万夫不当之勇，且文韬武略无一不精，嘱其不可大意。关羽傲而不悦，只带五百校刀手前往。关羽在长沙城下一刀斩杨龄于马下，却与黄忠大战百余回合不分胜负，来日又战，关羽用拖刀计将黄忠置于死地却没有杀他。黄忠施百步穿杨之绝技射中关羽的盔缨。太守韩玄怒责黄忠通敌，将其绑缚杀场。魏延救下黄忠，杀死韩玄，大开城门迎接关羽。刘备、孔明入城，惟独不见黄忠，便亲去探望，见老将军仰卧于梅花丛中的石凳上，赤裸上身，白须白发散落凳下，汗巾蒙面，仰对苍天。,刘备,历史人物,对手,,孔明,Text,0.8592,{}
104,。赵范之嫂闻言羞而悬梁。与此同时张飞也轻易夺回武陵。两处战报传入荆州，关羽即上书刘备，请命攻打长沙。孔明告知关羽，长沙有一员老将黄忠，有万夫不当之勇，且文韬武略无一不精，嘱其不可大意。关羽傲而不悦，只带五百校刀手前往。关羽在长沙城下一刀斩杨龄于马下，却与黄忠大战百余回合不分胜负，来日又战，关羽用拖刀计将黄忠置于死地却没有杀他。黄忠施百步穿杨之绝技射中关羽的盔缨。太守韩玄怒责黄忠通敌，将其绑缚杀场。魏延救下黄忠，杀死韩玄，大开城门迎接关羽。刘备、孔明入城，惟独不见黄忠，便亲去探望，见老将军仰卧于梅花丛中的石凳上，赤裸上身，白须白发散落凳下，汗巾蒙面，仰对苍天。,孔明,Text,对手,,孔明,Text,0.8340,{}
110,柔乡中，每日与孙夫人同出同进，游园散步，只赏珍玩美物，享尽新婚之乐，渐渐地沉浸于寝帏之内，乐不思归。转眼已到新春，赵云见此甚为焦急，猛然想起军师的锦囊，便拆开第二个，观后便匆匆赶往郡府惊慌地告诉刘备：“曹操要雪赤壁之恨，已率五十万精兵杀奔荆州而来，甚是危急，军师请主公速归。”刘备将此事告知孙夫人，孙夫人瞒了孙权，骗了国太，与刘备一行匆匆离去。孙权知此事后十分恼怒，派陈武、潘璋率铁骑五百捉拿刘备。又派蒋钦、周泰再拿自己的佩剑去追，如若不从，可取刘备和孙夫人首级。刘备与赵云一行拥着鸾车赶路。,孙夫人,人物,对手,,刘备,人物,0.6769,{}
111,刘备。又派蒋钦、周泰再拿自己的佩剑去追，如若不从，可取刘备和孙夫人首级。刘备与赵云一行拥着鸾车赶路。眼看陈、潘追赶在后，周瑜派来的丁奉、徐盛又拦在面前，危急中，赵云又打开孔明的第三个锦囊交给刘备，刘备看完，急步到孙夫人面前含泪告知险境。孙夫人大怒，逼退丁奉、徐盛，又怒骂陈武、潘璋，引车前行。待蒋钦、周泰赶来时，刘备一行已过去两个时辰了。刘备一行来到刘郎浦，刘备眼望孙夫人，回想柔情之日，万般感慨。这时东吴大军铺天盖地逼了过来，赵云突然发现江面有船，过去一看原来是纶巾长袍，朗声大笑的孔明。,刘备,历史人物,对手,,孔明,Text,0.9310,{}
112,般感慨。这时东吴大军铺天盖地逼了过来，赵云突然发现江面有船，过去一看原来是纶巾长袍，朗声大笑的孔明。诸葛亮迎接刘备、孙夫人的船驶向对岸，周瑜率水军追了过来，刘备等人靠岸上马，沿江向上游进发，周瑜、黄盖、韩当、丁奉等也上岸骑马追去，在前方不远处诸葛亮一挥手，队伍拐进山谷。周瑜等紧追不舍，突然一声炮响，关羽率军涌出，周瑜一愣，又一声炮响，左黄忠、右魏延从两侧夹击而来，周瑜拨马便逃，慌忙上船，急命开船。突然刘军齐声大呼：“周郎妙计安天下，赔了夫人又折兵！”如此反复，一阵比一阵高昂。周瑜羞怒非常，忽抬头，遥见刘备、孙夫人、孔明等都悠然自如地停在江边山头之上，不由怒火冲天，大吼一声，昏倒在甲板上。,周瑜,历史人物,对手,,刘备,历史人物,0.9796,{}
112,般感慨。这时东吴大军铺天盖地逼了过来，赵云突然发现江面有船，过去一看原来是纶巾长袍，朗声大笑的孔明。诸葛亮迎接刘备、孙夫人的船驶向对岸，周瑜率水军追了过来，刘备等人靠岸上马，沿江向上游进发，周瑜、黄盖、韩当、丁奉等也上岸骑马追去，在前方不远处诸葛亮一挥手，队伍拐进山谷。周瑜等紧追不舍，突然一声炮响，关羽率军涌出，周瑜一愣，又一声炮响，左黄忠、右魏延从两侧夹击而来，周瑜拨马便逃，慌忙上船，急命开船。突然刘军齐声大呼：“周郎妙计安天下，赔了夫人又折兵！”如此反复，一阵比一阵高昂。周瑜羞怒非常，忽抬头，遥见刘备、孙夫人、孔明等都悠然自如地停在江边山头之上，不由怒火冲天，大吼一声，昏倒在甲板上。,周瑜,历史人物,对手,,孔明,Text,0.9764,{}
112,般感慨。这时东吴大军铺天盖地逼了过来，赵云突然发现江面有船，过去一看原来是纶巾长袍，朗声大笑的孔明。诸葛亮迎接刘备、孙夫人的船驶向对岸，周瑜率水军追了过来，刘备等人靠岸上马，沿江向上游进发，周瑜、黄盖、韩当、丁奉等也上岸骑马追去，在前方不远处诸葛亮一挥手，队伍拐进山谷。周瑜等紧追不舍，突然一声炮响，关羽率军涌出，周瑜一愣，又一声炮响，左黄忠、右魏延从两侧夹击而来，周瑜拨马便逃，慌忙上船，急命开船。突然刘军齐声大呼：“周郎妙计安天下，赔了夫人又折兵！”如此反复，一阵比一阵高昂。周瑜羞怒非常，忽抬头，遥见刘备、孙夫人、孔明等都悠然自如地停在江边山头之上，不由怒火冲天，大吼一声，昏倒在甲板上。,刘备,历史人物,对手,,孔明,Text,0.9775,{}
114,病中抚琴，妻子小乔扶侍于旁，张昭将孙权的意图告知都督。铜雀台建成，曹操与文武群臣于邺郡欢庆落成大典。曹氏、夏侯氏一族和异姓武将各展神奇箭术与武功，争夺曹操所赐红袍。最后徐晃和许褚为争红袍真打了起来。曹操传众将上台，每人各赐蜀锦一匹。文武群臣欢宴，乐声阵阵，舞姿翩翩，一时盛况空前，曹操借众文士之赋，大展自己的豪迈胸襟。此时传来华歆前来上表之事。曹操闻言大惊失色，谋士程昱看破曹操心事，劝他表奏周瑜为南郡太守，程普为江夏太守。此两地均在刘备手中，两家一旦开战，曹操便可坐收渔利。周瑜被加封之后觉得讨伐刘备师出有名，便与鲁肃商议，鲁肃说此为曹操之计，并又一次自荐再去索讨荆州。,小乔,人物,对手,,周,人物,0.3906,{}
115,利。周瑜被加封之后觉得讨伐刘备师出有名，便与鲁肃商议，鲁肃说此为曹操之计，并又一次自荐再去索讨荆州。刘备闻知，求教于孔明，孔明让刘备一见鲁肃提到荆州事便放声大哭，到时孔明自会出来。刘备照办，鲁肃又一次被刘备、孔明真情所感，不便讨要，再次空手而回。周瑜见状，授计鲁肃再到荆州，假说帮助刘备取西川换回荆州，届时接应钱粮劳军；自己实则借机袭取荆州。孔明早已识破周瑜真意，仍让刘备答应下来。周瑜率军来到夏口，果见糜竺来接应，告知周瑜：刘备与孔明正在荆州城门外等候，准备与都督亲自把盏。周瑜甚为得意，以为这次终于瞒住了诸葛亮。可当他率军行至荆州城门外时却不见一个兵士。,刘备,历史人物,对手,,孔明,Text,0.8544,{}
116,备与都督亲自把盏。周瑜甚为得意，以为这次终于瞒住了诸葛亮。可当他率军行至荆州城门外时却不见一个兵士。丁奉高声喊叫，只见赵云威风凛凛地出现在城头，点破周瑜的真意。周瑜大怒，正欲下令攻城，突然探马来报：关羽、张飞、黄忠、魏延四路军马不计其数，喊声震天地杀来，皆言要活捉周瑜！周瑜闻言怒气填胸，脸色剧变，在马上大叫一声，金疮迸裂，坠于马下。吴军只好护送昏睡中的周瑜缓缓而退。突然一曲《长河吟》传入周瑜耳中，他甚为诧异，举目望去，只见高岩上端坐孔明，身前摆着一架古琴。两位英才四目相对，在乐曲中进行了一次心灵的碰撞，他们心里全都明白，这是一对各事其主、势不两立的知音。,瑜,历史人物,对手,,长河吟,歌曲,0.9441,{}
116,备与都督亲自把盏。周瑜甚为得意，以为这次终于瞒住了诸葛亮。可当他率军行至荆州城门外时却不见一个兵士。丁奉高声喊叫，只见赵云威风凛凛地出现在城头，点破周瑜的真意。周瑜大怒，正欲下令攻城，突然探马来报：关羽、张飞、黄忠、魏延四路军马不计其数，喊声震天地杀来，皆言要活捉周瑜！周瑜闻言怒气填胸，脸色剧变，在马上大叫一声，金疮迸裂，坠于马下。吴军只好护送昏睡中的周瑜缓缓而退。突然一曲《长河吟》传入周瑜耳中，他甚为诧异，举目望去，只见高岩上端坐孔明，身前摆着一架古琴。两位英才四目相对，在乐曲中进行了一次心灵的碰撞，他们心里全都明白，这是一对各事其主、势不两立的知音。,瑜,历史人物,对手,,孔明,Text,0.9565,{}
116,备与都督亲自把盏。周瑜甚为得意，以为这次终于瞒住了诸葛亮。可当他率军行至荆州城门外时却不见一个兵士。丁奉高声喊叫，只见赵云威风凛凛地出现在城头，点破周瑜的真意。周瑜大怒，正欲下令攻城，突然探马来报：关羽、张飞、黄忠、魏延四路军马不计其数，喊声震天地杀来，皆言要活捉周瑜！周瑜闻言怒气填胸，脸色剧变，在马上大叫一声，金疮迸裂，坠于马下。吴军只好护送昏睡中的周瑜缓缓而退。突然一曲《长河吟》传入周瑜耳中，他甚为诧异，举目望去，只见高岩上端坐孔明，身前摆着一架古琴。两位英才四目相对，在乐曲中进行了一次心灵的碰撞，他们心里全都明白，这是一对各事其主、势不两立的知音。,长河吟,歌曲,对手,,孔明,Text,0.9624,{}
117,两位英才四目相对，在乐曲中进行了一次心灵的碰撞，他们心里全都明白，这是一对各事其主、势不两立的知音。第四十六集：卧龙吊孝周瑜回到巴丘，病情日益见重，他嘱托完妻子儿女之后，便让小乔代笔，虚弱地口述奏章与孙权。江边，卫士们护着周瑜的床榻，沐浴在落日光辉的异常灿烂之中。这一代英才，面对一琴一筝，拉着爱妻小乔的手，冲着宽阔的江面，凝望着夕阳下血红般的江水，才最后道出他对孔明的真情实想，连叫数声“既生瑜，何生亮？”而亡。建安十五年（公元210年）春，东吴大都督周瑜病故巴丘。,周,人物,对手,,小乔,人物,0.3624,{}
119,之仇。鲁肃说周瑜之死使东吴众将都转恨于刘备、诸葛亮，纷纷都欲征讨，若此时孙刘反目，曹操必会乘虚而至。孙权内心十分矛盾，一时拿不定主意，此时侍卫禀报，诸葛亮率赵云及五百军士过江吊孝来了，二人大惊。鲁肃请诸葛瑾星夜迎截孔明，务必劝其回去，以免大祸。孔明执意不听其兄劝阻，仍奔柴桑而来。副都督程普、甘宁等东吴众将认为是孔明气死周郎，对其恨入骨髓，听得此讯，纷纷调兵遣将，准备见到孔明，一刀杀死，再奏孙权。祭奠开始，灵堂内外一片哭声，隆重的葬仪极其悲壮。众将得知孔明要来的消息都在悄悄议论，程普、甘宁走上台阶两侧，脸呈严峻，孙权、鲁肃此时也不知该如何办。人们的神情顿时紧张起来。,周瑜,历史人物,君主,,刘备,历史人物,0.4013,{}
119,之仇。鲁肃说周瑜之死使东吴众将都转恨于刘备、诸葛亮，纷纷都欲征讨，若此时孙刘反目，曹操必会乘虚而至。孙权内心十分矛盾，一时拿不定主意，此时侍卫禀报，诸葛亮率赵云及五百军士过江吊孝来了，二人大惊。鲁肃请诸葛瑾星夜迎截孔明，务必劝其回去，以免大祸。孔明执意不听其兄劝阻，仍奔柴桑而来。副都督程普、甘宁等东吴众将认为是孔明气死周郎，对其恨入骨髓，听得此讯，纷纷调兵遣将，准备见到孔明，一刀杀死，再奏孙权。祭奠开始，灵堂内外一片哭声，隆重的葬仪极其悲壮。众将得知孔明要来的消息都在悄悄议论，程普、甘宁走上台阶两侧，脸呈严峻，孙权、鲁肃此时也不知该如何办。人们的神情顿时紧张起来。,周瑜,历史人物,君主,,诸葛亮,历史人物,0.4817,{}
119,之仇。鲁肃说周瑜之死使东吴众将都转恨于刘备、诸葛亮，纷纷都欲征讨，若此时孙刘反目，曹操必会乘虚而至。孙权内心十分矛盾，一时拿不定主意，此时侍卫禀报，诸葛亮率赵云及五百军士过江吊孝来了，二人大惊。鲁肃请诸葛瑾星夜迎截孔明，务必劝其回去，以免大祸。孔明执意不听其兄劝阻，仍奔柴桑而来。副都督程普、甘宁等东吴众将认为是孔明气死周郎，对其恨入骨髓，听得此讯，纷纷调兵遣将，准备见到孔明，一刀杀死，再奏孙权。祭奠开始，灵堂内外一片哭声，隆重的葬仪极其悲壮。众将得知孔明要来的消息都在悄悄议论，程普、甘宁走上台阶两侧，脸呈严峻，孙权、鲁肃此时也不知该如何办。人们的神情顿时紧张起来。,周瑜,历史人物,同僚,,明,Text,0.6585,{}
119,之仇。鲁肃说周瑜之死使东吴众将都转恨于刘备、诸葛亮，纷纷都欲征讨，若此时孙刘反目，曹操必会乘虚而至。孙权内心十分矛盾，一时拿不定主意，此时侍卫禀报，诸葛亮率赵云及五百军士过江吊孝来了，二人大惊。鲁肃请诸葛瑾星夜迎截孔明，务必劝其回去，以免大祸。孔明执意不听其兄劝阻，仍奔柴桑而来。副都督程普、甘宁等东吴众将认为是孔明气死周郎，对其恨入骨髓，听得此讯，纷纷调兵遣将，准备见到孔明，一刀杀死，再奏孙权。祭奠开始，灵堂内外一片哭声，隆重的葬仪极其悲壮。众将得知孔明要来的消息都在悄悄议论，程普、甘宁走上台阶两侧，脸呈严峻，孙权、鲁肃此时也不知该如何办。人们的神情顿时紧张起来。,周瑜,历史人物,同僚,,孔明,Text,0.6301,{}
119,之仇。鲁肃说周瑜之死使东吴众将都转恨于刘备、诸葛亮，纷纷都欲征讨，若此时孙刘反目，曹操必会乘虚而至。孙权内心十分矛盾，一时拿不定主意，此时侍卫禀报，诸葛亮率赵云及五百军士过江吊孝来了，二人大惊。鲁肃请诸葛瑾星夜迎截孔明，务必劝其回去，以免大祸。孔明执意不听其兄劝阻，仍奔柴桑而来。副都督程普、甘宁等东吴众将认为是孔明气死周郎，对其恨入骨髓，听得此讯，纷纷调兵遣将，准备见到孔明，一刀杀死，再奏孙权。祭奠开始，灵堂内外一片哭声，隆重的葬仪极其悲壮。众将得知孔明要来的消息都在悄悄议论，程普、甘宁走上台阶两侧，脸呈严峻，孙权、鲁肃此时也不知该如何办。人们的神情顿时紧张起来。,刘备,历史人物,君主,,诸葛亮,历史人物,0.4474,{}
119,之仇。鲁肃说周瑜之死使东吴众将都转恨于刘备、诸葛亮，纷纷都欲征讨，若此时孙刘反目，曹操必会乘虚而至。孙权内心十分矛盾，一时拿不定主意，此时侍卫禀报，诸葛亮率赵云及五百军士过江吊孝来了，二人大惊。鲁肃请诸葛瑾星夜迎截孔明，务必劝其回去，以免大祸。孔明执意不听其兄劝阻，仍奔柴桑而来。副都督程普、甘宁等东吴众将认为是孔明气死周郎，对其恨入骨髓，听得此讯，纷纷调兵遣将，准备见到孔明，一刀杀死，再奏孙权。祭奠开始，灵堂内外一片哭声，隆重的葬仪极其悲壮。众将得知孔明要来的消息都在悄悄议论，程普、甘宁走上台阶两侧，脸呈严峻，孙权、鲁肃此时也不知该如何办。人们的神情顿时紧张起来。,刘备,历史人物,同僚,,明,Text,0.3905,{}
119,之仇。鲁肃说周瑜之死使东吴众将都转恨于刘备、诸葛亮，纷纷都欲征讨，若此时孙刘反目，曹操必会乘虚而至。孙权内心十分矛盾，一时拿不定主意，此时侍卫禀报，诸葛亮率赵云及五百军士过江吊孝来了，二人大惊。鲁肃请诸葛瑾星夜迎截孔明，务必劝其回去，以免大祸。孔明执意不听其兄劝阻，仍奔柴桑而来。副都督程普、甘宁等东吴众将认为是孔明气死周郎，对其恨入骨髓，听得此讯，纷纷调兵遣将，准备见到孔明，一刀杀死，再奏孙权。祭奠开始，灵堂内外一片哭声，隆重的葬仪极其悲壮。众将得知孔明要来的消息都在悄悄议论，程普、甘宁走上台阶两侧，脸呈严峻，孙权、鲁肃此时也不知该如何办。人们的神情顿时紧张起来。,刘备,历史人物,同僚,,孔明,Text,0.3950,{}
119,之仇。鲁肃说周瑜之死使东吴众将都转恨于刘备、诸葛亮，纷纷都欲征讨，若此时孙刘反目，曹操必会乘虚而至。孙权内心十分矛盾，一时拿不定主意，此时侍卫禀报，诸葛亮率赵云及五百军士过江吊孝来了，二人大惊。鲁肃请诸葛瑾星夜迎截孔明，务必劝其回去，以免大祸。孔明执意不听其兄劝阻，仍奔柴桑而来。副都督程普、甘宁等东吴众将认为是孔明气死周郎，对其恨入骨髓，听得此讯，纷纷调兵遣将，准备见到孔明，一刀杀死，再奏孙权。祭奠开始，灵堂内外一片哭声，隆重的葬仪极其悲壮。众将得知孔明要来的消息都在悄悄议论，程普、甘宁走上台阶两侧，脸呈严峻，孙权、鲁肃此时也不知该如何办。人们的神情顿时紧张起来。,诸葛亮,历史人物,同僚,,明,Text,0.4010,{}
119,之仇。鲁肃说周瑜之死使东吴众将都转恨于刘备、诸葛亮，纷纷都欲征讨，若此时孙刘反目，曹操必会乘虚而至。孙权内心十分矛盾，一时拿不定主意，此时侍卫禀报，诸葛亮率赵云及五百军士过江吊孝来了，二人大惊。鲁肃请诸葛瑾星夜迎截孔明，务必劝其回去，以免大祸。孔明执意不听其兄劝阻，仍奔柴桑而来。副都督程普、甘宁等东吴众将认为是孔明气死周郎，对其恨入骨髓，听得此讯，纷纷调兵遣将，准备见到孔明，一刀杀死，再奏孙权。祭奠开始，灵堂内外一片哭声，隆重的葬仪极其悲壮。众将得知孔明要来的消息都在悄悄议论，程普、甘宁走上台阶两侧，脸呈严峻，孙权、鲁肃此时也不知该如何办。人们的神情顿时紧张起来。,诸葛亮,历史人物,同僚,,孔明,Text,0.4260,{}
119,之仇。鲁肃说周瑜之死使东吴众将都转恨于刘备、诸葛亮，纷纷都欲征讨，若此时孙刘反目，曹操必会乘虚而至。孙权内心十分矛盾，一时拿不定主意，此时侍卫禀报，诸葛亮率赵云及五百军士过江吊孝来了，二人大惊。鲁肃请诸葛瑾星夜迎截孔明，务必劝其回去，以免大祸。孔明执意不听其兄劝阻，仍奔柴桑而来。副都督程普、甘宁等东吴众将认为是孔明气死周郎，对其恨入骨髓，听得此讯，纷纷调兵遣将，准备见到孔明，一刀杀死，再奏孙权。祭奠开始，灵堂内外一片哭声，隆重的葬仪极其悲壮。众将得知孔明要来的消息都在悄悄议论，程普、甘宁走上台阶两侧，脸呈严峻，孙权、鲁肃此时也不知该如何办。人们的神情顿时紧张起来。,明,Text,同僚,,孔明,Text,0.5933,{}
120,在悄悄议论，程普、甘宁走上台阶两侧，脸呈严峻，孙权、鲁肃此时也不知该如何办。人们的神情顿时紧张起来。突然，身着白衣的诸葛亮跌跌撞撞地冲进大门，悲切地高声呼喊：公瑾，亮来祭你了！程普一声吼，甘宁猛然抽出宝剑刺向孔明，众将也眼露杀机，赵云抢步上前夺下甘宁的剑，众将正欲再战，被鲁肃止住。诸葛亮奔至灵前，扑通跪倒，哭诉祭文，其声之哀，其情之真，深深打动了文武百官和小乔子女。小乔夫人按公瑾遗嘱将其佩剑赠与鲁肃，又转身望着孔明说：公瑾临终表奏鲁肃替代其职，意在孙刘交好以抗曹操。诸葛亮闻之激动不已，大声疾呼：公瑾——真知我诸葛亮者也！诸葛亮在归去时路遇庞统，邀其过江共扶刘备以成大业。庞统从之。,小乔,人物,君主,,孔明,Text,0.3720,{}
121,已，大声疾呼：公瑾——真知我诸葛亮者也！诸葛亮在归去时路遇庞统，邀其过江共扶刘备以成大业。庞统从之。孔明手书一封，让其去荆州将信交与刘备，必当重用。庞统来见刘备，并不拿出书信，刘备也如孙权一样，见庞统貌陋，不甚看重，只委他去耒阳作一县令。庞统受了冷落，到任之后整日喝酒，拒不理事，耒阳百姓忙告到刘备处，刘备大怒，令张飞、孙乾同去查办。庞统有心显露才干，在张飞面前升堂审案，只见他目审状纸，耳听陈述，手批判决，不到半日将百日积案尽皆断完，无一差错。张飞惊其大才，告知刘备。刘备深责自己屈才之过，重用庞统，拜其为副军师、中郎将。,诸葛亮,历史人物,君主,,孔明,Text,0.9503,{}
122,案尽皆断完，无一差错。张飞惊其大才，告知刘备。刘备深责自己屈才之过，重用庞统，拜其为副军师、中郎将。第四十七集：割须弃袍建安十五年（公元210年），东吴都督周瑜死后，曹操想借机集结三十万大军南征东吴，但他又惧西凉马腾乘虚来袭许都，便假意降诏，加封马腾为征南将军，讨伐孙权，诱马腾进京而除之。马腾明知曹操有诈，但若不往，操便有了口实，可假借天子之命加害马家。马腾便带其子马休、马铁与从子马岱同往，见机行事。在许昌城外，马腾与侍郎黄奎定下除曹之计，然而由于黄奎口风不严，致使马腾招来杀身之祸，同来三子只有马岱一人逃脱。马超知其父惨遭杀害，愤怒异常，尽起羌兵杀奔许昌，向曹操问罪。,马,人物,对手,,马超,人物,0.8635,{}
123,招来杀身之祸，同来三子只有马岱一人逃脱。马超知其父惨遭杀害，愤怒异常，尽起羌兵杀奔许昌，向曹操问罪。两军阵前，马超勇战三将，曹操大败，伏鞍落荒而逃。马超率兵紧紧追赶，连声高喊捉拿红袍长须的曹操。惊慌中曹操只好割须弃袍，用旗角裹脖，袍袖遮面，仓皇逃命。就在马超欲掷枪刺杀曹操之际，曹洪赶到迎战马超，救了曹操。为避马超锐气，曹操高挂免战牌。西凉太守韩遂亲率十万大军增援马超，曹操闻之仰面大笑。徐晃已知曹操之意，献计派精兵袭击河西，待事成之后两边夹击马超。为防马超，曹操令军士筑沙城，谁知一夜大风，城池便无影踪。马超、韩遂见曹操几番惨败，现在又无屏障可依，准备全力以赴，明日一战，以求大获全胜。,马岱,人物,对手,,马超,人物,0.9554,{}
126,满，久欲另投明主，遂趁此机会自告奋勇出使许都，明为刘璋游说曹操，使之兵伐张鲁，实则想趁此实现其夙愿。谁知曹操嫌他貌陋高傲，口出狂言，不予理睬。虽经主簿杨修的再三推荐，但最后张松终因言语冒犯了曹操，被其乱棍打出。张松欲投曹操被冷落，无精打采地看着自己精心绘制准备献与曹操的西川地形图，踏上回西川之路。张松出使许都之初，就一直被久欲取西川为立足之地的诸葛亮、庞统密切关注着。张松行至岔路口，想自己行前曾在刘璋面前夸下海口必能说动曹操，以绝张鲁犯川之患。如今空手而回，岂不被蜀中人耻笑？久闻荆州刘玄德颇有仁义之名，不如绕路看看他们那里如何？消息传到荆州之后，孔明先派赵云率队前往大路迎候张松，进奉酒食；,明,Text,君主,,孔明,Text,0.8822,{}
126,满，久欲另投明主，遂趁此机会自告奋勇出使许都，明为刘璋游说曹操，使之兵伐张鲁，实则想趁此实现其夙愿。谁知曹操嫌他貌陋高傲，口出狂言，不予理睬。虽经主簿杨修的再三推荐，但最后张松终因言语冒犯了曹操，被其乱棍打出。张松欲投曹操被冷落，无精打采地看着自己精心绘制准备献与曹操的西川地形图，踏上回西川之路。张松出使许都之初，就一直被久欲取西川为立足之地的诸葛亮、庞统密切关注着。张松行至岔路口，想自己行前曾在刘璋面前夸下海口必能说动曹操，以绝张鲁犯川之患。如今空手而回，岂不被蜀中人耻笑？久闻荆州刘玄德颇有仁义之名，不如绕路看看他们那里如何？消息传到荆州之后，孔明先派赵云率队前往大路迎候张松，进奉酒食；,明,Text,君主,,张松,历史人物,0.9367,{}
126,满，久欲另投明主，遂趁此机会自告奋勇出使许都，明为刘璋游说曹操，使之兵伐张鲁，实则想趁此实现其夙愿。谁知曹操嫌他貌陋高傲，口出狂言，不予理睬。虽经主簿杨修的再三推荐，但最后张松终因言语冒犯了曹操，被其乱棍打出。张松欲投曹操被冷落，无精打采地看着自己精心绘制准备献与曹操的西川地形图，踏上回西川之路。张松出使许都之初，就一直被久欲取西川为立足之地的诸葛亮、庞统密切关注着。张松行至岔路口，想自己行前曾在刘璋面前夸下海口必能说动曹操，以绝张鲁犯川之患。如今空手而回，岂不被蜀中人耻笑？久闻荆州刘玄德颇有仁义之名，不如绕路看看他们那里如何？消息传到荆州之后，孔明先派赵云率队前往大路迎候张松，进奉酒食；,孔明,Text,君主,,张松,历史人物,0.9327,{}
131,理，云乘小舟赶上，跳上大船，问孙夫人：“欲往何处，为何不告知军师？”孙夫人以母病危为由，来不及禀报。云要孙夫人留下阿斗，孙夫人不允，云乃夺过阿斗，他欲上岸，苦无帮手，想动武又恐失礼，进退不得。孙夫人喝令侍婢夺过阿斗，赵云一手抱幼主，一手持剑，众人不敢上前。周善放船下水，船顺水而流，赵云无法上岸，正在危急之中忽听鼓声，见江边芦苇荡中闪出船只。云以为中了东吴之计，只见船头一员大将手持长矛高声呼喊：“嫂嫂留下侄儿！”原来是张飞巡哨，得知消息率船队堵截大船。他杀死周善。孙夫人威胁张飞：“你若不放我回去，我情愿投江而死。,孙夫人,人物,对手,,东,Text,0.5451,{}
132,来是张飞巡哨，得知消息率船队堵截大船。他杀死周善。孙夫人威胁张飞：“你若不放我回去，我情愿投江而死。”张飞和赵云无奈，只好放孙夫人归吴，抱着阿斗返回荆州，此时，诸葛亮已引大队船只在江边迎接。第五十集：凤雏落坡建安十七年（公元212年），刘备率大军入西川，驻守葭萌关。他一面安抚民心，一面致书刘璋，假称曹操进攻孙权，孙权求救，自己要带兵回荆州援助，要求刘璋借军粮十万斛、兵马三、四万。刘璋在黄权等人劝阻下，回书表示只能借粮一万斛和两三千老弱病卒。刘备见信大怒，他取庞统之策，先夺涪城。涪城乃通往成都之咽喉，又是去荆州必经之路，现由刘璋部下杨怀、高沛二将把守。,备,历史人物,对手,,刘璋,历史人物,0.6254,{}
133,，他取庞统之策，先夺涪城。涪城乃通往成都之咽喉，又是去荆州必经之路，现由刘璋部下杨怀、高沛二将把守。刘备先派人送书信，佯称要回荆州，路经其地，约二人出关相送，想乘机杀之，夺下涪城，再克雒城，后取成都。张松献图回川后，忽闻刘备要回荆州，他信以为真，急致书刘备，要他“速发兵入川取益州，松为内应”。不料此信被其兄张肃拾到，张肃怕受牵连，将信呈报刘璋。刘璋将张松全家斩首，并下令各处关隘增兵添将，严加防范，不许放荆州一人一骑入关，并派大将张任拒守雒城。军师庞统设计将涪关守将杨怀、高沛杀死，夺了涪城，准备进取雒城。出发前，诸葛亮从荆州特派马良送书信给刘备，提醒刘备和庞统：“切宜谨慎，不可轻率进兵。,刘璋,人物,君主,,张松,人物,0.9788,{}
133,，他取庞统之策，先夺涪城。涪城乃通往成都之咽喉，又是去荆州必经之路，现由刘璋部下杨怀、高沛二将把守。刘备先派人送书信，佯称要回荆州，路经其地，约二人出关相送，想乘机杀之，夺下涪城，再克雒城，后取成都。张松献图回川后，忽闻刘备要回荆州，他信以为真，急致书刘备，要他“速发兵入川取益州，松为内应”。不料此信被其兄张肃拾到，张肃怕受牵连，将信呈报刘璋。刘璋将张松全家斩首，并下令各处关隘增兵添将，严加防范，不许放荆州一人一骑入关，并派大将张任拒守雒城。军师庞统设计将涪关守将杨怀、高沛杀死，夺了涪城，准备进取雒城。出发前，诸葛亮从荆州特派马良送书信给刘备，提醒刘备和庞统：“切宜谨慎，不可轻率进兵。,刘璋,人物,君主,,刘备,人物,0.9783,{}
133,，他取庞统之策，先夺涪城。涪城乃通往成都之咽喉，又是去荆州必经之路，现由刘璋部下杨怀、高沛二将把守。刘备先派人送书信，佯称要回荆州，路经其地，约二人出关相送，想乘机杀之，夺下涪城，再克雒城，后取成都。张松献图回川后，忽闻刘备要回荆州，他信以为真，急致书刘备，要他“速发兵入川取益州，松为内应”。不料此信被其兄张肃拾到，张肃怕受牵连，将信呈报刘璋。刘璋将张松全家斩首，并下令各处关隘增兵添将，严加防范，不许放荆州一人一骑入关，并派大将张任拒守雒城。军师庞统设计将涪关守将杨怀、高沛杀死，夺了涪城，准备进取雒城。出发前，诸葛亮从荆州特派马良送书信给刘备，提醒刘备和庞统：“切宜谨慎，不可轻率进兵。,张松,人物,君主,,刘备,人物,0.9779,{}
139,雌雄！”张飞立即换了坐骑，冲出阵来，叫道：“莫非还怕汝不成？点火把。马超，今日我捉汝不得，誓不回关。”马超道：“张翼德，今日我杀汝不得，誓不回营。”两军点起千百火把，二将各振威风。刘备喜超之勇，亲自下城解斗，二人方才各自回阵。刘备有意收下马超这员虎将，他用诸葛亮之计，派孙乾带金帛与张鲁手下谋士杨松结交，再进书张鲁，使张鲁下令马超撤兵，又派李恢说降马超。刘备终于收了马超，进而逼近成都，刘璋被迫开城投降。刘备将刘璋安置在公安，自领益州牧，为三分天下之一的蜀国奠定了基础。第五十三集：单刀赴会刘备得了西川，孙权欲索还荆州，按张昭之计，将诸葛瑾老小虚监在府，同时修书命诸葛瑾去西川向刘备讨还荆州。,翼德,Text,君主,,刘,历史人物,0.7016,{}
139,雌雄！”张飞立即换了坐骑，冲出阵来，叫道：“莫非还怕汝不成？点火把。马超，今日我捉汝不得，誓不回关。”马超道：“张翼德，今日我杀汝不得，誓不回营。”两军点起千百火把，二将各振威风。刘备喜超之勇，亲自下城解斗，二人方才各自回阵。刘备有意收下马超这员虎将，他用诸葛亮之计，派孙乾带金帛与张鲁手下谋士杨松结交，再进书张鲁，使张鲁下令马超撤兵，又派李恢说降马超。刘备终于收了马超，进而逼近成都，刘璋被迫开城投降。刘备将刘璋安置在公安，自领益州牧，为三分天下之一的蜀国奠定了基础。第五十三集：单刀赴会刘备得了西川，孙权欲索还荆州，按张昭之计，将诸葛瑾老小虚监在府，同时修书命诸葛瑾去西川向刘备讨还荆州。,翼德,Text,君主,,蜀,Text,0.6792,{}
139,雌雄！”张飞立即换了坐骑，冲出阵来，叫道：“莫非还怕汝不成？点火把。马超，今日我捉汝不得，誓不回关。”马超道：“张翼德，今日我杀汝不得，誓不回营。”两军点起千百火把，二将各振威风。刘备喜超之勇，亲自下城解斗，二人方才各自回阵。刘备有意收下马超这员虎将，他用诸葛亮之计，派孙乾带金帛与张鲁手下谋士杨松结交，再进书张鲁，使张鲁下令马超撤兵，又派李恢说降马超。刘备终于收了马超，进而逼近成都，刘璋被迫开城投降。刘备将刘璋安置在公安，自领益州牧，为三分天下之一的蜀国奠定了基础。第五十三集：单刀赴会刘备得了西川，孙权欲索还荆州，按张昭之计，将诸葛瑾老小虚监在府，同时修书命诸葛瑾去西川向刘备讨还荆州。,刘,历史人物,君主,,蜀,Text,0.6978,{}
142,道只有东吴能够据有？”关羽趁势夺过周仓手中大刀，故意怒斥周仓：“此乃国家大事，尔怎敢多言，还不速去！”关以目暗示周仓，周仓会意，奔向江岸，舞动红旗，关平船队急驶而来。此时，关羽右手提刀，左手攥住鲁肃握杯的右手腕，假装酒醉，拉着鲁肃直到江边。东吴将士眼看鲁都督被关羽扯出亭门，皆不敢动手。关羽上船后，关平的接应船队已到，鲁肃只好呆呆看着关云长乘风而去。关云长以非凡的胆识，挫败了东吴索取荆州的计谋。孙权闻报大怒，欲起倾国之兵，来取荆州，忽接探报：“曹操又率三十万大军来犯。”孙权只得移兵合肥、濡须，以拒曹操。第五十四集：合肥会战建安二十年（公元215年），曹操领兵西征得汉中，收服张鲁，占领东川。,东吴,Text,对手,,关羽,历史人物,0.9756,{}
148,操问其故，杨修答道：“大王明令在此，‘一人一口酥’，岂敢违抗大王之命？”曹操表面喜笑，内心甚恶杨修。曹操与众臣商议想立曹植为世子，曹丕知后，密请朝歌长吴质入府商议对策，因恐被人发觉，便将吴藏于大簏之内，覆以绢匹运至府中。杨修向曹操告密，操令人在丕府外盘查。曹丕求救贾诩，诩让曹丕于次日用大簏再装绢送入府中。使者搜看簏中果然尽是绢匹，未查出破绽，乃回报曹操。操因此怀疑杨修有意加害曹丕，更加憎恨杨修。曹植很爱杨修之才，常邀其进府谈论，终夜不息。杨修为曹植作《答教十条》，以应曹操考问。,杨,人物,君主,,曹植,人物,0.3357,{}
149,，更加憎恨杨修。曹植很爱杨修之才，常邀其进府谈论，终夜不息。杨修为曹植作《答教十条》，以应曹操考问。曹操常以军国之事问曹植，曹植便按条对答如流，曹操对此有些疑惑，曹丕趁机暗地买通曹植左右，将杨修为植写的《答教十条》偷来呈与曹操，操阅后大怒。曹操命曹植为监军，与曹洪同去汉中，于次日卯时统兵起程。当晚，曹丕约植来府饮酒，为其饯行，使植酒醉误期，曹操只好让曹洪自去汉中。凡此种种，使曹操对立嗣之事踌躇不定，便问贾诩：“孤欲立后嗣，当立谁？”贾诩先不答，后对操言道：“思起袁本初、刘景升立幼子为嗣，兄弟相攻之事。”曹操听后，大笑：“卿真乃策谋深远之士也！”遂立长子曹丕为世子。,杨修,人物,兄弟,,曹植,人物,0.3508,{}
149,，更加憎恨杨修。曹植很爱杨修之才，常邀其进府谈论，终夜不息。杨修为曹植作《答教十条》，以应曹操考问。曹操常以军国之事问曹植，曹植便按条对答如流，曹操对此有些疑惑，曹丕趁机暗地买通曹植左右，将杨修为植写的《答教十条》偷来呈与曹操，操阅后大怒。曹操命曹植为监军，与曹洪同去汉中，于次日卯时统兵起程。当晚，曹丕约植来府饮酒，为其饯行，使植酒醉误期，曹操只好让曹洪自去汉中。凡此种种，使曹操对立嗣之事踌躇不定，便问贾诩：“孤欲立后嗣，当立谁？”贾诩先不答，后对操言道：“思起袁本初、刘景升立幼子为嗣，兄弟相攻之事。”曹操听后，大笑：“卿真乃策谋深远之士也！”遂立长子曹丕为世子。,杨修,人物,君主,,曹操,人物,0.6132,{}
149,，更加憎恨杨修。曹植很爱杨修之才，常邀其进府谈论，终夜不息。杨修为曹植作《答教十条》，以应曹操考问。曹操常以军国之事问曹植，曹植便按条对答如流，曹操对此有些疑惑，曹丕趁机暗地买通曹植左右，将杨修为植写的《答教十条》偷来呈与曹操，操阅后大怒。曹操命曹植为监军，与曹洪同去汉中，于次日卯时统兵起程。当晚，曹丕约植来府饮酒，为其饯行，使植酒醉误期，曹操只好让曹洪自去汉中。凡此种种，使曹操对立嗣之事踌躇不定，便问贾诩：“孤欲立后嗣，当立谁？”贾诩先不答，后对操言道：“思起袁本初、刘景升立幼子为嗣，兄弟相攻之事。”曹操听后，大笑：“卿真乃策谋深远之士也！”遂立长子曹丕为世子。,杨修,人物,同族,,曹丕,人物,0.2248,{}
149,，更加憎恨杨修。曹植很爱杨修之才，常邀其进府谈论，终夜不息。杨修为曹植作《答教十条》，以应曹操考问。曹操常以军国之事问曹植，曹植便按条对答如流，曹操对此有些疑惑，曹丕趁机暗地买通曹植左右，将杨修为植写的《答教十条》偷来呈与曹操，操阅后大怒。曹操命曹植为监军，与曹洪同去汉中，于次日卯时统兵起程。当晚，曹丕约植来府饮酒，为其饯行，使植酒醉误期，曹操只好让曹洪自去汉中。凡此种种，使曹操对立嗣之事踌躇不定，便问贾诩：“孤欲立后嗣，当立谁？”贾诩先不答，后对操言道：“思起袁本初、刘景升立幼子为嗣，兄弟相攻之事。”曹操听后，大笑：“卿真乃策谋深远之士也！”遂立长子曹丕为世子。,曹植,人物,君主,,曹操,人物,0.4683,{}
149,，更加憎恨杨修。曹植很爱杨修之才，常邀其进府谈论，终夜不息。杨修为曹植作《答教十条》，以应曹操考问。曹操常以军国之事问曹植，曹植便按条对答如流，曹操对此有些疑惑，曹丕趁机暗地买通曹植左右，将杨修为植写的《答教十条》偷来呈与曹操，操阅后大怒。曹操命曹植为监军，与曹洪同去汉中，于次日卯时统兵起程。当晚，曹丕约植来府饮酒，为其饯行，使植酒醉误期，曹操只好让曹洪自去汉中。凡此种种，使曹操对立嗣之事踌躇不定，便问贾诩：“孤欲立后嗣，当立谁？”贾诩先不答，后对操言道：“思起袁本初、刘景升立幼子为嗣，兄弟相攻之事。”曹操听后，大笑：“卿真乃策谋深远之士也！”遂立长子曹丕为世子。,曹植,人物,兄弟,,曹丕,人物,0.2872,{}
149,，更加憎恨杨修。曹植很爱杨修之才，常邀其进府谈论，终夜不息。杨修为曹植作《答教十条》，以应曹操考问。曹操常以军国之事问曹植，曹植便按条对答如流，曹操对此有些疑惑，曹丕趁机暗地买通曹植左右，将杨修为植写的《答教十条》偷来呈与曹操，操阅后大怒。曹操命曹植为监军，与曹洪同去汉中，于次日卯时统兵起程。当晚，曹丕约植来府饮酒，为其饯行，使植酒醉误期，曹操只好让曹洪自去汉中。凡此种种，使曹操对立嗣之事踌躇不定，便问贾诩：“孤欲立后嗣，当立谁？”贾诩先不答，后对操言道：“思起袁本初、刘景升立幼子为嗣，兄弟相攻之事。”曹操听后，大笑：“卿真乃策谋深远之士也！”遂立长子曹丕为世子。,曹操,人物,父亲,https://cnschema.openkg.cn/item/%E7%88%B6%E4%BA%B2/11999902#viewPageContent,曹丕,人物,0.2780,"{""@context"": {""父亲"": ""https://cnschema.openkg.cn/item/%E7%88%B6%E4%BA%B2/11999902#viewPageContent""}, ""@id"": ""曹操"", ""父亲"": {""@id"": ""曹丕""}}"
150,初、刘景升立幼子为嗣，兄弟相攻之事。”曹操听后，大笑：“卿真乃策谋深远之士也！”遂立长子曹丕为世子。刘备夺得西川后，依孔明之策，命张飞、马超分头屯兵巴西、下辨，欲取汉中。曹操恐夏侯渊、张郃力薄有失，为保汉中，派曹洪领兵五万，往援张郃、夏侯渊，同守东川。张郃轻视张飞，请领兵马攻取巴西，打开蜀郡门户。首战即被击败，乃退兵宕渠山，坚守不出。张飞命军士每日在山前摆酒，与众将边饮边骂，诱引张郃出战。第五十六集：定军山张郃在宕渠山上闻知张飞狂饮作乐，便连夜前往偷营。他见“张飞”端坐大帐，忙用枪刺，不料刺中的却是草人，张郃急拨马出帐，张飞已到面前，郃大惊，仓皇应战，不敌，拨马而逃。,曹丕,历史人物,对手,,孔明,Text,0.9121,{}
152,张郃前后受敌，急往小路而走，张飞在后紧追，山道狭窄，张郃只得弃马步行，逃回南郑。曹洪命他攻打葭萌关。正当刘备庆贺张飞智夺瓦口关时，葭萌关守将霍峻来书告急，孔明用激将法，使老将黄忠出战，严颜同往，他们合力杀退张郃。黄忠用骄兵之计，一连收复三个营寨，还收缴了大批粮草、辎重和兵器，诱使曹将韩浩、夏侯尚孤军深入，并夺得曹军屯粮之地天荡山。张郃逃往定军山，投奔夏侯渊。建安二十三年（公元218年）秋季，刘备亲统大军十万，以诸葛亮为军师，张飞、赵云为先锋，取道葭萌关，征讨汉中。南郑守将曹洪闻讯，星夜急往许都禀报曹操，操自领四十万大军前往南郑迎敌。定军山是南郑屏障，又是曹军积聚粮草之地，刘备决定先取定军山。,孔明,Text,对手,,刘备,历史人物,0.8927,{}
155,”黄忠率军到粮仓，杀散守军，正要放火烧粮，张郃兵到，曹操又令徐晃率一支人马赶来，将黄忠困在重围之中。赵云在营中看看午时已过，不见老将军回，即令副将张翼坚守营寨，自引三千人马前往接应。他横冲直撞，如入无人之地，救出了黄忠，杀回本寨。曹操见状大怒，亲自率军追赶，赵云早已安排弓弩手于寨外壕中埋伏，云大开寨门，匹马单枪，立于寨外。曹操追到蜀营，赵云巍然不动，曹操怕有埋伏，命军士退回，云把枪一招，壕中弓弩齐发，曹军败退，曹操弃了北山粮草，忙回南郑。刘备闻报，称赞道：“子龙一身都是胆也！”从此号赵云为虎威将军。建安二十四年（公元219年），刘备与曹操争夺汉中，孔明针对曹操多疑特点，采用疑兵之计。,赵云,历史人物,对手,,孔明,Text,0.9780,{}
156,云为虎威将军。建安二十四年（公元219年），刘备与曹操争夺汉中，孔明针对曹操多疑特点，采用疑兵之计。当曹操率军刚到汉水，孔明即命赵云领兵五百，伏于曹营附近，乘夜擂鼓吹角，使曹兵惊慌。操疑劫寨，出营却不见一人，刚要回营休息，号炮又响，使曹兵彻夜不安。一连三夜，曹操心怯，拔寨后退三十里。孔明又请刘备率军亲渡汉水，背水结营，故意败退，操疑而不追，蜀军趁势掩杀，曹军大败，曹操退至阳平关。孔明再派张飞、魏延分兵两路去截曹兵粮道；命黄忠、赵云各领一军放火烧山。曹操惊惧，弃关而走，退兵斜谷。曹操怕人谋害，常告诫左右：“孤梦中好杀人，孤睡熟之后，尔等切勿靠近。,刘备,历史人物,对手,,孔明,Text,0.9781,{}
159,问其故，惇答：“主簿杨修先知大王欲退兵之意。”操大怒，他素来忌恨杨修，遂以扰乱军心为由，将杨修斩首。曹操杀了杨修，强行进兵与刘备决战，果未出杨修所料，遭致惨败，自己又被黄忠射掉两颗门牙，险些丢了性命，他不得不放弃汉中，退守长安。第五十八集：水淹七军建安二十四年（公元219年）秋，刘备在诸葛亮和文臣武将的推尊之下，于沔阳登坛受贺，晋位汉中王。并立公子刘禅为王世子。封诸葛亮为军师，总理军国重事。封关羽、张飞、赵云、马超、黄忠为五虎大将。曹操闻报大怒，意欲再次兴兵征讨。司马懿献计派满宠持书去见孙权，陈说利害，使其起兵攻荆州，待刘备发西川之兵救援时，再进兵取汉中。,刘禅,人物,对手,,备,历史人物,0.5000,{}
168,索，终于绊倒赤兔马，关羽父子被吴将马忠擒住。孙权爱关羽义勇无双，欲劝其归降。主簿左咸以曹操之事说之。孙权沉吟无语，终于点点头，一代名将关羽和关平父子俩便在雪后初晴之时，大义凛然步履从容地走向生命的终点。第六十集：曹操之死关羽惨死，刘备惊魂，张飞哭天喊地，暴跳如雷，嚷着一定要替二哥报仇雪恨。东吴谋臣张昭闻知孙权杀了关羽，大惊失色，闯进荆州府衙，陈说诛杀关羽的利害。孙权方悟，跌足连说失算矣！张昭献计将关羽的首级转送曹操，让蜀兵向魏而不向吴。曹操接其首级说：“云长公，别来无恙！”谁知关羽首级忽然睁眼，曹操吓得跌坐在地。吴使说出关羽附身吕蒙，致使吕蒙七窍流血而死之事。,刘备,历史人物,对手,,云,Text,0.9195,{}
169,别来无恙！”谁知关羽首级忽然睁眼，曹操吓得跌坐在地。吴使说出关羽附身吕蒙，致使吕蒙七窍流血而死之事。曹操叹道：“活关羽可怕，死关羽也可怕，死了还活更可怕！”便赐封关羽为“荆王”，以大臣之礼厚葬关羽，使刘备深恨孙权而攻之，魏则可观其胜负，吴败征吴，蜀败征蜀。刘备为替二弟报仇，意欲兴兵伐吴，孔明谏曰：吴、魏各怀鬼胎，都想从中渔利，眼下只宜按兵不动，待魏、吴不和之时，乘机伐之，方为上策。刘备在祭奠关羽时，举剑发誓：孤与东吴，誓不同日月！曹操头痛病日益严重，华歆举荐华佗为其诊治，华佗诊断曹操头痛因患风而起，要先饮麻沸汤，然后用利刃打开头颅，取出风涎，方可根治。,孔明,Text,对手,,刘备,历史人物,0.8621,{}
169,别来无恙！”谁知关羽首级忽然睁眼，曹操吓得跌坐在地。吴使说出关羽附身吕蒙，致使吕蒙七窍流血而死之事。曹操叹道：“活关羽可怕，死关羽也可怕，死了还活更可怕！”便赐封关羽为“荆王”，以大臣之礼厚葬关羽，使刘备深恨孙权而攻之，魏则可观其胜负，吴败征吴，蜀败征蜀。刘备为替二弟报仇，意欲兴兵伐吴，孔明谏曰：吴、魏各怀鬼胎，都想从中渔利，眼下只宜按兵不动，待魏、吴不和之时，乘机伐之，方为上策。刘备在祭奠关羽时，举剑发誓：孤与东吴，誓不同日月！曹操头痛病日益严重，华歆举荐华佗为其诊治，华佗诊断曹操头痛因患风而起，要先饮麻沸汤，然后用利刃打开头颅，取出风涎，方可根治。,孔明,Text,对手,,东吴,Text,0.8444,{}
169,别来无恙！”谁知关羽首级忽然睁眼，曹操吓得跌坐在地。吴使说出关羽附身吕蒙，致使吕蒙七窍流血而死之事。曹操叹道：“活关羽可怕，死关羽也可怕，死了还活更可怕！”便赐封关羽为“荆王”，以大臣之礼厚葬关羽，使刘备深恨孙权而攻之，魏则可观其胜负，吴败征吴，蜀败征蜀。刘备为替二弟报仇，意欲兴兵伐吴，孔明谏曰：吴、魏各怀鬼胎，都想从中渔利，眼下只宜按兵不动，待魏、吴不和之时，乘机伐之，方为上策。刘备在祭奠关羽时，举剑发誓：孤与东吴，誓不同日月！曹操头痛病日益严重，华歆举荐华佗为其诊治，华佗诊断曹操头痛因患风而起，要先饮麻沸汤，然后用利刃打开头颅，取出风涎，方可根治。,刘备,历史人物,对手,,东吴,Text,0.7897,{}
170,举荐华佗为其诊治，华佗诊断曹操头痛因患风而起，要先饮麻沸汤，然后用利刃打开头颅，取出风涎，方可根治。曹操闻之大怒，认为华佗与关羽交情深厚，要乘机杀他与关羽报仇，便将其下入大狱，严刑拷打。吴押狱深为华佗的医德感动，华佗临死前将一生所著医书《青囊书》交给他，让其妥善保存，流传后世，用以济世救人。吴押狱之妻目睹一代名医华佗的惨死，深怕吴押狱也重蹈华佗的复辙，便在乱葬岗将《青囊书》焚烧，待吴押狱跑来时，只抢得几支残简，望着满天的灰烬，泣不成声。,华佗,人物,同僚,,吴押狱,人物,0.9019,{}
172,弟鄢陵侯曹彰的全部兵马，令其回鄢陵自守。临淄侯曹植、萧怀侯曹熊未来奔丧，曹丕大怒，当即遣使前往问罪。曹植醉卧榻上，神色忧郁，与丁仪等人持爵饮酒作歌，根本不把魏王使臣放在眼里，命人乱棍打出。曹丕震怒，令虎侯许褚率三千虎卫军前往捉拿曹植、丁仪等人。曹丕将丁仪斩首，正欲对曹植动刑之时，传来萧怀侯曹熊自缢身亡的消息。其母卞氏昏厥于地，待醒转来时，质问曹丕欲将曹植怎样？曹丕无奈，限曹植在七步之内成诗一首，不成则处死。曹植却当场成诗一首，情真意切，悲怆凄凉。曹丕也受其感，饶曹植一命，贬为安乡侯。曹丕清完家门之后，骄矜傲然，不可一世。华歆、李伏等借祥瑞之说怂恿曹丕篡汉，曹丕早有此心，遂使华歆逼献帝禅位。,曹植,人物,兄弟,,卞氏,人物,0.6308,{}
173,家门之后，骄矜傲然，不可一世。华歆、李伏等借祥瑞之说怂恿曹丕篡汉，曹丕早有此心，遂使华歆逼献帝禅位。曹皇后得知，怒斥其兄大逆不道。华歆等上殿逼宫，献帝先是不从，却见曹洪杀死祖弼，无奈，只好从命。并在曹丕的屡次逼迫下，答应亲奉玉玺，禅位与魏王，以释群疑而绝众议。公元220年，曹丕身加帝服，端坐受禅坛上，华歆等众臣均呼万岁。自即日起改延康元年为黄初元年，国号大魏，谥父曹操为太祖武皇帝。汉献帝被扒下冕服，封为山阳公，非宣召不得入朝。曹丕自立为大魏皇帝后，汉中王刘备为灭魏兴刘大业，听从诸葛亮及群臣之议，于公元221年登坛告祭，受皇帝玉玺，改元章武元年，即皇帝之位，立刘禅为太子，封诸葛亮为丞相。,魏,Text,对手,,曹操,人物,0.5763,{}
173,家门之后，骄矜傲然，不可一世。华歆、李伏等借祥瑞之说怂恿曹丕篡汉，曹丕早有此心，遂使华歆逼献帝禅位。曹皇后得知，怒斥其兄大逆不道。华歆等上殿逼宫，献帝先是不从，却见曹洪杀死祖弼，无奈，只好从命。并在曹丕的屡次逼迫下，答应亲奉玉玺，禅位与魏王，以释群疑而绝众议。公元220年，曹丕身加帝服，端坐受禅坛上，华歆等众臣均呼万岁。自即日起改延康元年为黄初元年，国号大魏，谥父曹操为太祖武皇帝。汉献帝被扒下冕服，封为山阳公，非宣召不得入朝。曹丕自立为大魏皇帝后，汉中王刘备为灭魏兴刘大业，听从诸葛亮及群臣之议，于公元221年登坛告祭，受皇帝玉玺，改元章武元年，即皇帝之位，立刘禅为太子，封诸葛亮为丞相。,魏,Text,对手,,刘禅,人物,0.4747,{}
173,家门之后，骄矜傲然，不可一世。华歆、李伏等借祥瑞之说怂恿曹丕篡汉，曹丕早有此心，遂使华歆逼献帝禅位。曹皇后得知，怒斥其兄大逆不道。华歆等上殿逼宫，献帝先是不从，却见曹洪杀死祖弼，无奈，只好从命。并在曹丕的屡次逼迫下，答应亲奉玉玺，禅位与魏王，以释群疑而绝众议。公元220年，曹丕身加帝服，端坐受禅坛上，华歆等众臣均呼万岁。自即日起改延康元年为黄初元年，国号大魏，谥父曹操为太祖武皇帝。汉献帝被扒下冕服，封为山阳公，非宣召不得入朝。曹丕自立为大魏皇帝后，汉中王刘备为灭魏兴刘大业，听从诸葛亮及群臣之议，于公元221年登坛告祭，受皇帝玉玺，改元章武元年，即皇帝之位，立刘禅为太子，封诸葛亮为丞相。,曹操,人物,对手,,刘禅,人物,0.5491,{}
174,臣之议，于公元221年登坛告祭，受皇帝玉玺，改元章武元年，即皇帝之位，立刘禅为太子，封诸葛亮为丞相。第六十二集：兴兵伐吴张飞来到成都，哭喊着质问刘备做了皇帝，忘了桃园结义之情，不给关羽报仇。这又助长了刘备久欲为二弟报仇兴兵伐吴的决心。虽经孔明等众臣百般劝阻，均无作用。刘备抽剑砍断案角，即日伐吴。张飞回到阆中，命范彊、张达三日内办齐白旗白甲，大小三军要挂孝伐吴，报仇雪恨。刘备命诸葛亮保太子留守西川；马超、马岱、魏延守汉中，以挡魏兵。赵云为后应兼督粮草，黄忠为前部先锋，共集兵马七十五万，定章武元年七月丙寅日出师，兴兵伐吴。诸葛亮断定此举必定失利，只有无奈地看着刘备的龙凤车辇驶出宫门。,刘,历史人物,对手,,禅,人物,0.8066,{}
174,臣之议，于公元221年登坛告祭，受皇帝玉玺，改元章武元年，即皇帝之位，立刘禅为太子，封诸葛亮为丞相。第六十二集：兴兵伐吴张飞来到成都，哭喊着质问刘备做了皇帝，忘了桃园结义之情，不给关羽报仇。这又助长了刘备久欲为二弟报仇兴兵伐吴的决心。虽经孔明等众臣百般劝阻，均无作用。刘备抽剑砍断案角，即日伐吴。张飞回到阆中，命范彊、张达三日内办齐白旗白甲，大小三军要挂孝伐吴，报仇雪恨。刘备命诸葛亮保太子留守西川；马超、马岱、魏延守汉中，以挡魏兵。赵云为后应兼督粮草，黄忠为前部先锋，共集兵马七十五万，定章武元年七月丙寅日出师，兴兵伐吴。诸葛亮断定此举必定失利，只有无奈地看着刘备的龙凤车辇驶出宫门。,刘,历史人物,对手,,孔明,Text,0.8580,{}
174,臣之议，于公元221年登坛告祭，受皇帝玉玺，改元章武元年，即皇帝之位，立刘禅为太子，封诸葛亮为丞相。第六十二集：兴兵伐吴张飞来到成都，哭喊着质问刘备做了皇帝，忘了桃园结义之情，不给关羽报仇。这又助长了刘备久欲为二弟报仇兴兵伐吴的决心。虽经孔明等众臣百般劝阻，均无作用。刘备抽剑砍断案角，即日伐吴。张飞回到阆中，命范彊、张达三日内办齐白旗白甲，大小三军要挂孝伐吴，报仇雪恨。刘备命诸葛亮保太子留守西川；马超、马岱、魏延守汉中，以挡魏兵。赵云为后应兼督粮草，黄忠为前部先锋，共集兵马七十五万，定章武元年七月丙寅日出师，兴兵伐吴。诸葛亮断定此举必定失利，只有无奈地看着刘备的龙凤车辇驶出宫门。,刘,历史人物,对手,,刘备,历史人物,0.8283,{}
174,臣之议，于公元221年登坛告祭，受皇帝玉玺，改元章武元年，即皇帝之位，立刘禅为太子，封诸葛亮为丞相。第六十二集：兴兵伐吴张飞来到成都，哭喊着质问刘备做了皇帝，忘了桃园结义之情，不给关羽报仇。这又助长了刘备久欲为二弟报仇兴兵伐吴的决心。虽经孔明等众臣百般劝阻，均无作用。刘备抽剑砍断案角，即日伐吴。张飞回到阆中，命范彊、张达三日内办齐白旗白甲，大小三军要挂孝伐吴，报仇雪恨。刘备命诸葛亮保太子留守西川；马超、马岱、魏延守汉中，以挡魏兵。赵云为后应兼督粮草，黄忠为前部先锋，共集兵马七十五万，定章武元年七月丙寅日出师，兴兵伐吴。诸葛亮断定此举必定失利，只有无奈地看着刘备的龙凤车辇驶出宫门。,禅,人物,对手,,孔明,Text,0.8617,{}
174,臣之议，于公元221年登坛告祭，受皇帝玉玺，改元章武元年，即皇帝之位，立刘禅为太子，封诸葛亮为丞相。第六十二集：兴兵伐吴张飞来到成都，哭喊着质问刘备做了皇帝，忘了桃园结义之情，不给关羽报仇。这又助长了刘备久欲为二弟报仇兴兵伐吴的决心。虽经孔明等众臣百般劝阻，均无作用。刘备抽剑砍断案角，即日伐吴。张飞回到阆中，命范彊、张达三日内办齐白旗白甲，大小三军要挂孝伐吴，报仇雪恨。刘备命诸葛亮保太子留守西川；马超、马岱、魏延守汉中，以挡魏兵。赵云为后应兼督粮草，黄忠为前部先锋，共集兵马七十五万，定章武元年七月丙寅日出师，兴兵伐吴。诸葛亮断定此举必定失利，只有无奈地看着刘备的龙凤车辇驶出宫门。,禅,人物,对手,,刘备,历史人物,0.8756,{}
174,臣之议，于公元221年登坛告祭，受皇帝玉玺，改元章武元年，即皇帝之位，立刘禅为太子，封诸葛亮为丞相。第六十二集：兴兵伐吴张飞来到成都，哭喊着质问刘备做了皇帝，忘了桃园结义之情，不给关羽报仇。这又助长了刘备久欲为二弟报仇兴兵伐吴的决心。虽经孔明等众臣百般劝阻，均无作用。刘备抽剑砍断案角，即日伐吴。张飞回到阆中，命范彊、张达三日内办齐白旗白甲，大小三军要挂孝伐吴，报仇雪恨。刘备命诸葛亮保太子留守西川；马超、马岱、魏延守汉中，以挡魏兵。赵云为后应兼督粮草，黄忠为前部先锋，共集兵马七十五万，定章武元年七月丙寅日出师，兴兵伐吴。诸葛亮断定此举必定失利，只有无奈地看着刘备的龙凤车辇驶出宫门。,孔明,Text,对手,,刘备,历史人物,0.8990,{}
178,，上表求和。刘备杀范彊、张达以祭张飞，但仍把孙权视为切齿仇人，定下先灭吴后灭魏的错误决定，驱逐吴使。孙权病卧榻上，阚泽力荐陆逊为擎天之柱，孙权允之，筑坛拜将，尊陆为大都督，统管六郡八十一州兼荆楚诸路军马。陆逊拜印接剑，率众兵水陆并进开赴猇亭。吴将韩当、周泰视陆逊为孺子，颇有不服。蜀主刘备欺陆逊年少，将大军七十五万，连营七百里，陆逊则坚守不出，以待其变，与蜀军对峙于彝陵。蜀军自春至夏，屯扎在平原之上，赤日如火，取水艰难，苦不堪言。刘备传谕各营，移至山林茂密之地，近溪傍涧，待夏过秋到，再并力进兵。马良劝阻不成，便请命将移营图本问于诸葛丞相。陆逊闻刘备移营之事，大喜。,陆逊,历史人物,对手,,刘备,历史人物,0.4989,{}
179,傍涧，待夏过秋到，再并力进兵。马良劝阻不成，便请命将移营图本问于诸葛丞相。陆逊闻刘备移营之事，大喜。吴将丁奉、徐盛请命出击，陆逊哂笑不允，只说“三日内便知分晓”，众将气恼而退。三日之内，蜀军往吴营骂阵，众吴将气恼异常，纷纷请求出战，陆逊不允；吴王接陆逊奏表后，愁云顿开；魏王闻刘备连营七百里，大笑玄德不懂兵法，必败于陆逊之手；诸葛亮见马良所呈移营图本叫苦不迭，哀叹“汉朝气数休矣”！命马良速返并嘱言：如有失，当投白帝城暂避。三日后，陆逊升帐，调兵遣将，准备火烧蜀军连营。当冲天大火升腾之时，刘备方才醒悟，但为时已晚，七百里连营、七十五万将士转眼间被置于一片火海之中。吴将朱然率军追杀刘备。,马良,历史人物,对手,,陆逊,历史人物,0.4773,{}
179,傍涧，待夏过秋到，再并力进兵。马良劝阻不成，便请命将移营图本问于诸葛丞相。陆逊闻刘备移营之事，大喜。吴将丁奉、徐盛请命出击，陆逊哂笑不允，只说“三日内便知分晓”，众将气恼而退。三日之内，蜀军往吴营骂阵，众吴将气恼异常，纷纷请求出战，陆逊不允；吴王接陆逊奏表后，愁云顿开；魏王闻刘备连营七百里，大笑玄德不懂兵法，必败于陆逊之手；诸葛亮见马良所呈移营图本叫苦不迭，哀叹“汉朝气数休矣”！命马良速返并嘱言：如有失，当投白帝城暂避。三日后，陆逊升帐，调兵遣将，准备火烧蜀军连营。当冲天大火升腾之时，刘备方才醒悟，但为时已晚，七百里连营、七十五万将士转眼间被置于一片火海之中。吴将朱然率军追杀刘备。,马良,历史人物,对手,,汉朝,Text,0.4796,{}
179,傍涧，待夏过秋到，再并力进兵。马良劝阻不成，便请命将移营图本问于诸葛丞相。陆逊闻刘备移营之事，大喜。吴将丁奉、徐盛请命出击，陆逊哂笑不允，只说“三日内便知分晓”，众将气恼而退。三日之内，蜀军往吴营骂阵，众吴将气恼异常，纷纷请求出战，陆逊不允；吴王接陆逊奏表后，愁云顿开；魏王闻刘备连营七百里，大笑玄德不懂兵法，必败于陆逊之手；诸葛亮见马良所呈移营图本叫苦不迭，哀叹“汉朝气数休矣”！命马良速返并嘱言：如有失，当投白帝城暂避。三日后，陆逊升帐，调兵遣将，准备火烧蜀军连营。当冲天大火升腾之时，刘备方才醒悟，但为时已晚，七百里连营、七十五万将士转眼间被置于一片火海之中。吴将朱然率军追杀刘备。,陆逊,历史人物,君主,,汉朝,Text,0.5523,{}
180,，刘备方才醒悟，但为时已晚，七百里连营、七十五万将士转眼间被置于一片火海之中。吴将朱然率军追杀刘备。关兴、张苞纵马突围，均被乱箭射回。正当刘备性命危急之际，赵云冲进重围，救出刘备。陆逊乘胜率大队人马向西追击，行至鱼腹浦之时，只见前面有一石阵，隐隐透着杀气，陆逊带众将进阵探查。不多时，阵内狂风大起，陆逊等迷失了路径，忽见诸葛亮岳父黄承彦从阵中走出，忙请他领众人出阵，方知此“八阵图”是诸葛亮入川之时所布，可比十万精兵。陆逊闻此，惊叹孔明用兵之神，遂退兵不追。第六十四集：安居平五路刘备自败入白帝城后，便一病不起，日夜思念云长、翼德两弟，几次昏厥之后，自知将不久于人世，便急召孔明等听受遗命。,刘备,历史人物,对手,,陆逊,历史人物,0.9690,{}
180,，刘备方才醒悟，但为时已晚，七百里连营、七十五万将士转眼间被置于一片火海之中。吴将朱然率军追杀刘备。关兴、张苞纵马突围，均被乱箭射回。正当刘备性命危急之际，赵云冲进重围，救出刘备。陆逊乘胜率大队人马向西追击，行至鱼腹浦之时，只见前面有一石阵，隐隐透着杀气，陆逊带众将进阵探查。不多时，阵内狂风大起，陆逊等迷失了路径，忽见诸葛亮岳父黄承彦从阵中走出，忙请他领众人出阵，方知此“八阵图”是诸葛亮入川之时所布，可比十万精兵。陆逊闻此，惊叹孔明用兵之神，遂退兵不追。第六十四集：安居平五路刘备自败入白帝城后，便一病不起，日夜思念云长、翼德两弟，几次昏厥之后，自知将不久于人世，便急召孔明等听受遗命。,刘备,历史人物,对手,,明,Text,0.9673,{}
180,，刘备方才醒悟，但为时已晚，七百里连营、七十五万将士转眼间被置于一片火海之中。吴将朱然率军追杀刘备。关兴、张苞纵马突围，均被乱箭射回。正当刘备性命危急之际，赵云冲进重围，救出刘备。陆逊乘胜率大队人马向西追击，行至鱼腹浦之时，只见前面有一石阵，隐隐透着杀气，陆逊带众将进阵探查。不多时，阵内狂风大起，陆逊等迷失了路径，忽见诸葛亮岳父黄承彦从阵中走出，忙请他领众人出阵，方知此“八阵图”是诸葛亮入川之时所布，可比十万精兵。陆逊闻此，惊叹孔明用兵之神，遂退兵不追。第六十四集：安居平五路刘备自败入白帝城后，便一病不起，日夜思念云长、翼德两弟，几次昏厥之后，自知将不久于人世，便急召孔明等听受遗命。,刘备,历史人物,对手,,孔明,Text,0.9676,{}
180,，刘备方才醒悟，但为时已晚，七百里连营、七十五万将士转眼间被置于一片火海之中。吴将朱然率军追杀刘备。关兴、张苞纵马突围，均被乱箭射回。正当刘备性命危急之际，赵云冲进重围，救出刘备。陆逊乘胜率大队人马向西追击，行至鱼腹浦之时，只见前面有一石阵，隐隐透着杀气，陆逊带众将进阵探查。不多时，阵内狂风大起，陆逊等迷失了路径，忽见诸葛亮岳父黄承彦从阵中走出，忙请他领众人出阵，方知此“八阵图”是诸葛亮入川之时所布，可比十万精兵。陆逊闻此，惊叹孔明用兵之神，遂退兵不追。第六十四集：安居平五路刘备自败入白帝城后，便一病不起，日夜思念云长、翼德两弟，几次昏厥之后，自知将不久于人世，便急召孔明等听受遗命。,陆逊,历史人物,对手,,明,Text,0.9689,{}
180,，刘备方才醒悟，但为时已晚，七百里连营、七十五万将士转眼间被置于一片火海之中。吴将朱然率军追杀刘备。关兴、张苞纵马突围，均被乱箭射回。正当刘备性命危急之际，赵云冲进重围，救出刘备。陆逊乘胜率大队人马向西追击，行至鱼腹浦之时，只见前面有一石阵，隐隐透着杀气，陆逊带众将进阵探查。不多时，阵内狂风大起，陆逊等迷失了路径，忽见诸葛亮岳父黄承彦从阵中走出，忙请他领众人出阵，方知此“八阵图”是诸葛亮入川之时所布，可比十万精兵。陆逊闻此，惊叹孔明用兵之神，遂退兵不追。第六十四集：安居平五路刘备自败入白帝城后，便一病不起，日夜思念云长、翼德两弟，几次昏厥之后，自知将不久于人世，便急召孔明等听受遗命。,陆逊,历史人物,对手,,孔明,Text,0.9740,{}
180,，刘备方才醒悟，但为时已晚，七百里连营、七十五万将士转眼间被置于一片火海之中。吴将朱然率军追杀刘备。关兴、张苞纵马突围，均被乱箭射回。正当刘备性命危急之际，赵云冲进重围，救出刘备。陆逊乘胜率大队人马向西追击，行至鱼腹浦之时，只见前面有一石阵，隐隐透着杀气，陆逊带众将进阵探查。不多时，阵内狂风大起，陆逊等迷失了路径，忽见诸葛亮岳父黄承彦从阵中走出，忙请他领众人出阵，方知此“八阵图”是诸葛亮入川之时所布，可比十万精兵。陆逊闻此，惊叹孔明用兵之神，遂退兵不追。第六十四集：安居平五路刘备自败入白帝城后，便一病不起，日夜思念云长、翼德两弟，几次昏厥之后，自知将不久于人世，便急召孔明等听受遗命。,明,Text,对手,,孔明,Text,0.9673,{}
181,白帝城后，便一病不起，日夜思念云长、翼德两弟，几次昏厥之后，自知将不久于人世，便急召孔明等听受遗命。刘备卧榻托孤，孔明与众臣无不为其所感，泣拜于地。蜀汉章武三年（公元223年）四月二十四日，刘备病故于白帝城，享年六十三岁。孔明奉梓宫还成都，太子刘禅出城迎灵，入城举哀。孔明辅佐太子刘禅即皇帝位，改元建兴。禅加封诸葛亮为武乡侯、领益州牧。葬先主于惠陵，谥曰昭烈皇帝。消息传至魏国，曹丕以为有机可乘，依司马懿之计，兵分五路，共五十万大军，自四面夹攻西蜀。刘禅闻讯大惊，请诸葛亮入朝商议退兵之计，孰知诸葛染病，不能入宫。刘禅六神无主，采纳董允之见，亲往丞相府探病、问计。见孔明神态悠闲，毫无病态，不解其意。,刘备,历史人物,君主,,蜀汉,Text,0.6689,{}
181,白帝城后，便一病不起，日夜思念云长、翼德两弟，几次昏厥之后，自知将不久于人世，便急召孔明等听受遗命。刘备卧榻托孤，孔明与众臣无不为其所感，泣拜于地。蜀汉章武三年（公元223年）四月二十四日，刘备病故于白帝城，享年六十三岁。孔明奉梓宫还成都，太子刘禅出城迎灵，入城举哀。孔明辅佐太子刘禅即皇帝位，改元建兴。禅加封诸葛亮为武乡侯、领益州牧。葬先主于惠陵，谥曰昭烈皇帝。消息传至魏国，曹丕以为有机可乘，依司马懿之计，兵分五路，共五十万大军，自四面夹攻西蜀。刘禅闻讯大惊，请诸葛亮入朝商议退兵之计，孰知诸葛染病，不能入宫。刘禅六神无主，采纳董允之见，亲往丞相府探病、问计。见孔明神态悠闲，毫无病态，不解其意。,刘备,历史人物,君主,,曹丕,历史人物,0.4025,{}
181,白帝城后，便一病不起，日夜思念云长、翼德两弟，几次昏厥之后，自知将不久于人世，便急召孔明等听受遗命。刘备卧榻托孤，孔明与众臣无不为其所感，泣拜于地。蜀汉章武三年（公元223年）四月二十四日，刘备病故于白帝城，享年六十三岁。孔明奉梓宫还成都，太子刘禅出城迎灵，入城举哀。孔明辅佐太子刘禅即皇帝位，改元建兴。禅加封诸葛亮为武乡侯、领益州牧。葬先主于惠陵，谥曰昭烈皇帝。消息传至魏国，曹丕以为有机可乘，依司马懿之计，兵分五路，共五十万大军，自四面夹攻西蜀。刘禅闻讯大惊，请诸葛亮入朝商议退兵之计，孰知诸葛染病，不能入宫。刘禅六神无主，采纳董允之见，亲往丞相府探病、问计。见孔明神态悠闲，毫无病态，不解其意。,刘备,历史人物,君主,,司马懿,历史人物,0.5585,{}
181,白帝城后，便一病不起，日夜思念云长、翼德两弟，几次昏厥之后，自知将不久于人世，便急召孔明等听受遗命。刘备卧榻托孤，孔明与众臣无不为其所感，泣拜于地。蜀汉章武三年（公元223年）四月二十四日，刘备病故于白帝城，享年六十三岁。孔明奉梓宫还成都，太子刘禅出城迎灵，入城举哀。孔明辅佐太子刘禅即皇帝位，改元建兴。禅加封诸葛亮为武乡侯、领益州牧。葬先主于惠陵，谥曰昭烈皇帝。消息传至魏国，曹丕以为有机可乘，依司马懿之计，兵分五路，共五十万大军，自四面夹攻西蜀。刘禅闻讯大惊，请诸葛亮入朝商议退兵之计，孰知诸葛染病，不能入宫。刘禅六神无主，采纳董允之见，亲往丞相府探病、问计。见孔明神态悠闲，毫无病态，不解其意。,刘备,历史人物,对手,,孔明,Text,0.4691,{}
181,白帝城后，便一病不起，日夜思念云长、翼德两弟，几次昏厥之后，自知将不久于人世，便急召孔明等听受遗命。刘备卧榻托孤，孔明与众臣无不为其所感，泣拜于地。蜀汉章武三年（公元223年）四月二十四日，刘备病故于白帝城，享年六十三岁。孔明奉梓宫还成都，太子刘禅出城迎灵，入城举哀。孔明辅佐太子刘禅即皇帝位，改元建兴。禅加封诸葛亮为武乡侯、领益州牧。葬先主于惠陵，谥曰昭烈皇帝。消息传至魏国，曹丕以为有机可乘，依司马懿之计，兵分五路，共五十万大军，自四面夹攻西蜀。刘禅闻讯大惊，请诸葛亮入朝商议退兵之计，孰知诸葛染病，不能入宫。刘禅六神无主，采纳董允之见，亲往丞相府探病、问计。见孔明神态悠闲，毫无病态，不解其意。,蜀汉,Text,君主,,曹丕,历史人物,0.4690,{}
181,白帝城后，便一病不起，日夜思念云长、翼德两弟，几次昏厥之后，自知将不久于人世，便急召孔明等听受遗命。刘备卧榻托孤，孔明与众臣无不为其所感，泣拜于地。蜀汉章武三年（公元223年）四月二十四日，刘备病故于白帝城，享年六十三岁。孔明奉梓宫还成都，太子刘禅出城迎灵，入城举哀。孔明辅佐太子刘禅即皇帝位，改元建兴。禅加封诸葛亮为武乡侯、领益州牧。葬先主于惠陵，谥曰昭烈皇帝。消息传至魏国，曹丕以为有机可乘，依司马懿之计，兵分五路，共五十万大军，自四面夹攻西蜀。刘禅闻讯大惊，请诸葛亮入朝商议退兵之计，孰知诸葛染病，不能入宫。刘禅六神无主，采纳董允之见，亲往丞相府探病、问计。见孔明神态悠闲，毫无病态，不解其意。,蜀汉,Text,君主,,司马懿,历史人物,0.6040,{}
181,白帝城后，便一病不起，日夜思念云长、翼德两弟，几次昏厥之后，自知将不久于人世，便急召孔明等听受遗命。刘备卧榻托孤，孔明与众臣无不为其所感，泣拜于地。蜀汉章武三年（公元223年）四月二十四日，刘备病故于白帝城，享年六十三岁。孔明奉梓宫还成都，太子刘禅出城迎灵，入城举哀。孔明辅佐太子刘禅即皇帝位，改元建兴。禅加封诸葛亮为武乡侯、领益州牧。葬先主于惠陵，谥曰昭烈皇帝。消息传至魏国，曹丕以为有机可乘，依司马懿之计，兵分五路，共五十万大军，自四面夹攻西蜀。刘禅闻讯大惊，请诸葛亮入朝商议退兵之计，孰知诸葛染病，不能入宫。刘禅六神无主，采纳董允之见，亲往丞相府探病、问计。见孔明神态悠闲，毫无病态，不解其意。,蜀汉,Text,君主,,孔明,Text,0.5904,{}
181,白帝城后，便一病不起，日夜思念云长、翼德两弟，几次昏厥之后，自知将不久于人世，便急召孔明等听受遗命。刘备卧榻托孤，孔明与众臣无不为其所感，泣拜于地。蜀汉章武三年（公元223年）四月二十四日，刘备病故于白帝城，享年六十三岁。孔明奉梓宫还成都，太子刘禅出城迎灵，入城举哀。孔明辅佐太子刘禅即皇帝位，改元建兴。禅加封诸葛亮为武乡侯、领益州牧。葬先主于惠陵，谥曰昭烈皇帝。消息传至魏国，曹丕以为有机可乘，依司马懿之计，兵分五路，共五十万大军，自四面夹攻西蜀。刘禅闻讯大惊，请诸葛亮入朝商议退兵之计，孰知诸葛染病，不能入宫。刘禅六神无主，采纳董允之见，亲往丞相府探病、问计。见孔明神态悠闲，毫无病态，不解其意。,曹丕,历史人物,君主,,司马懿,历史人物,0.3987,{}
181,白帝城后，便一病不起，日夜思念云长、翼德两弟，几次昏厥之后，自知将不久于人世，便急召孔明等听受遗命。刘备卧榻托孤，孔明与众臣无不为其所感，泣拜于地。蜀汉章武三年（公元223年）四月二十四日，刘备病故于白帝城，享年六十三岁。孔明奉梓宫还成都，太子刘禅出城迎灵，入城举哀。孔明辅佐太子刘禅即皇帝位，改元建兴。禅加封诸葛亮为武乡侯、领益州牧。葬先主于惠陵，谥曰昭烈皇帝。消息传至魏国，曹丕以为有机可乘，依司马懿之计，兵分五路，共五十万大军，自四面夹攻西蜀。刘禅闻讯大惊，请诸葛亮入朝商议退兵之计，孰知诸葛染病，不能入宫。刘禅六神无主，采纳董允之见，亲往丞相府探病、问计。见孔明神态悠闲，毫无病态，不解其意。,曹丕,历史人物,君主,,孔明,Text,0.3628,{}
181,白帝城后，便一病不起，日夜思念云长、翼德两弟，几次昏厥之后，自知将不久于人世，便急召孔明等听受遗命。刘备卧榻托孤，孔明与众臣无不为其所感，泣拜于地。蜀汉章武三年（公元223年）四月二十四日，刘备病故于白帝城，享年六十三岁。孔明奉梓宫还成都，太子刘禅出城迎灵，入城举哀。孔明辅佐太子刘禅即皇帝位，改元建兴。禅加封诸葛亮为武乡侯、领益州牧。葬先主于惠陵，谥曰昭烈皇帝。消息传至魏国，曹丕以为有机可乘，依司马懿之计，兵分五路，共五十万大军，自四面夹攻西蜀。刘禅闻讯大惊，请诸葛亮入朝商议退兵之计，孰知诸葛染病，不能入宫。刘禅六神无主，采纳董允之见，亲往丞相府探病、问计。见孔明神态悠闲，毫无病态，不解其意。,司马懿,历史人物,君主,,孔明,Text,0.4201,{}
182,病，不能入宫。刘禅六神无主，采纳董允之见，亲往丞相府探病、问计。见孔明神态悠闲，毫无病态，不解其意。孔明见刘禅亲至，乃详述退兵之计，告知五路大军可退其四，不足为忧；东吴一路，需遣能言之士前往陈说利害，阻其兴兵，只是尚未有合适人选；同时，已密遣赵云、魏延、马超、关兴、张苞等数路兵马，预作部署。刘禅兴奋而返。诸葛亮送刘禅出府之时，见尚书邓芝仰天而笑，乃请其进府，以出使东吴一事相托，邓芝欣然领命。此时，东吴正为是否出兵伐蜀一事争论不休。孙权一时难以决断，依张昭之言，在殿前立一沸油之鼎，以待邓芝。邓芝昂然而立，不为所动，陈说吴、蜀、魏三国之势，论证吴蜀联合之利、吴魏联合之弊。,刘禅,历史人物,君主,,孔明,Text,0.6147,{}
182,病，不能入宫。刘禅六神无主，采纳董允之见，亲往丞相府探病、问计。见孔明神态悠闲，毫无病态，不解其意。孔明见刘禅亲至，乃详述退兵之计，告知五路大军可退其四，不足为忧；东吴一路，需遣能言之士前往陈说利害，阻其兴兵，只是尚未有合适人选；同时，已密遣赵云、魏延、马超、关兴、张苞等数路兵马，预作部署。刘禅兴奋而返。诸葛亮送刘禅出府之时，见尚书邓芝仰天而笑，乃请其进府，以出使东吴一事相托，邓芝欣然领命。此时，东吴正为是否出兵伐蜀一事争论不休。孙权一时难以决断，依张昭之言，在殿前立一沸油之鼎，以待邓芝。邓芝昂然而立，不为所动，陈说吴、蜀、魏三国之势，论证吴蜀联合之利、吴魏联合之弊。,刘禅,历史人物,君主,,三国,Text,0.6097,{}
182,病，不能入宫。刘禅六神无主，采纳董允之见，亲往丞相府探病、问计。见孔明神态悠闲，毫无病态，不解其意。孔明见刘禅亲至，乃详述退兵之计，告知五路大军可退其四，不足为忧；东吴一路，需遣能言之士前往陈说利害，阻其兴兵，只是尚未有合适人选；同时，已密遣赵云、魏延、马超、关兴、张苞等数路兵马，预作部署。刘禅兴奋而返。诸葛亮送刘禅出府之时，见尚书邓芝仰天而笑，乃请其进府，以出使东吴一事相托，邓芝欣然领命。此时，东吴正为是否出兵伐蜀一事争论不休。孙权一时难以决断，依张昭之言，在殿前立一沸油之鼎，以待邓芝。邓芝昂然而立，不为所动，陈说吴、蜀、魏三国之势，论证吴蜀联合之利、吴魏联合之弊。,孔明,Text,君主,,三国,Text,0.4859,{}
183,沸油之鼎，以待邓芝。邓芝昂然而立，不为所动，陈说吴、蜀、魏三国之势，论证吴蜀联合之利、吴魏联合之弊。孙权从其言，决心与蜀结盟抗魏并遣使张温入蜀答礼，代其达意。诸葛亮盛情款待张温。张温傲慢少礼，得意洋洋，蜀臣多有不悦。蜀益州学士秦宓气愤之极，在酒宴上以学识打掉张温的傲气。张温归后，赞蜀主与诸葛丞相仁德宽厚，愿与吴王永结盟好。孙权大喜，自此吴蜀重结同盟。吴蜀联盟，触怒曹丕，丕依司马懿之策，命曹真为先锋，张辽、张郃、文聘、徐晃为大将，亲率水陆军马三十万征伐东吴。加封司马懿为尚书仆射，留驻许昌，决断国政大事。吴主孙权闻知，派信使请蜀出兵伐魏。诸葛亮遂派赵云率兵出阳平关，袭击魏国，以分其势。,曹,历史人物,对手,,司,历史人物,0.9615,{}
187,通粮道。董因曾受诸葛亮释放之恩，不战而退，回洞遭孟获棒打，董与众酋长商议，共缚孟获，将其送交诸葛亮。孟获认为此次被擒是因他手下自相残害所致，要求放他回洞，再决胜负，若再被擒，他愿倾心归降。诸葛亮便亲自送他上船回山。第六十六集：绝路问津孟获被诸葛亮第二次释放后，让其弟孟优去蜀营诈降，企图里应外合，偷袭蜀军营寨。此计却早被诸葛亮识破，亮佯装受骗，暗设伏兵，命人灌醉孟优。孟获来劫寨时，遭致大败。孟获匹马而逃，被马岱诱擒，诸葛亮再次将其放回。孟获回到银坑洞，携带珠宝，向各部求援，借来十万刀牌军，要和蜀军决战。赵云、魏延、马岱等将急于应战，诸葛亮却命蜀军退回营寨，坚守数日。,孟,人物,对手,,孟,人物,0.9783,{}
187,通粮道。董因曾受诸葛亮释放之恩，不战而退，回洞遭孟获棒打，董与众酋长商议，共缚孟获，将其送交诸葛亮。孟获认为此次被擒是因他手下自相残害所致，要求放他回洞，再决胜负，若再被擒，他愿倾心归降。诸葛亮便亲自送他上船回山。第六十六集：绝路问津孟获被诸葛亮第二次释放后，让其弟孟优去蜀营诈降，企图里应外合，偷袭蜀军营寨。此计却早被诸葛亮识破，亮佯装受骗，暗设伏兵，命人灌醉孟优。孟获来劫寨时，遭致大败。孟获匹马而逃，被马岱诱擒，诸葛亮再次将其放回。孟获回到银坑洞，携带珠宝，向各部求援，借来十万刀牌军，要和蜀军决战。赵云、魏延、马岱等将急于应战，诸葛亮却命蜀军退回营寨，坚守数日。,孟,人物,对手,,孟,人物,0.9783,{}
187,通粮道。董因曾受诸葛亮释放之恩，不战而退，回洞遭孟获棒打，董与众酋长商议，共缚孟获，将其送交诸葛亮。孟获认为此次被擒是因他手下自相残害所致，要求放他回洞，再决胜负，若再被擒，他愿倾心归降。诸葛亮便亲自送他上船回山。第六十六集：绝路问津孟获被诸葛亮第二次释放后，让其弟孟优去蜀营诈降，企图里应外合，偷袭蜀军营寨。此计却早被诸葛亮识破，亮佯装受骗，暗设伏兵，命人灌醉孟优。孟获来劫寨时，遭致大败。孟获匹马而逃，被马岱诱擒，诸葛亮再次将其放回。孟获回到银坑洞，携带珠宝，向各部求援，借来十万刀牌军，要和蜀军决战。赵云、魏延、马岱等将急于应战，诸葛亮却命蜀军退回营寨，坚守数日。,孟,人物,对手,,孟,人物,0.9783,{}
188,求援，借来十万刀牌军，要和蜀军决战。赵云、魏延、马岱等将急于应战，诸葛亮却命蜀军退回营寨，坚守数日。众将不解其意，诸葛亮说：“我三擒孟获而不杀，是想收其心，而不想灭其族也！”三日后，诸葛亮用计引孟获自投罗网，连人带马，掉进陷坑被擒。诸葛亮下令推出斩首，孟获要求再放他回去，重整兵马，报四擒之恨。诸葛亮同意将其松绑，并设宴款待。孟获回洞与孟优商议对策，孟优主张利用炎热酷暑，退回山阴洞中坚守，蜀军远道而来，禁受不住，久必自退。孟获以为蜀军已深入境内，无处退避，决定往秃龙洞朵思大王处求助。朵思用木石垒断路口，只留一条路给蜀军。这条路十分险恶，多藏蛇蝎，沿路还有四个毒泉，如饮泉水，不死即伤。,诸葛亮,历史人物,对手,,孟,历史人物,0.9697,{}
188,求援，借来十万刀牌军，要和蜀军决战。赵云、魏延、马岱等将急于应战，诸葛亮却命蜀军退回营寨，坚守数日。众将不解其意，诸葛亮说：“我三擒孟获而不杀，是想收其心，而不想灭其族也！”三日后，诸葛亮用计引孟获自投罗网，连人带马，掉进陷坑被擒。诸葛亮下令推出斩首，孟获要求再放他回去，重整兵马，报四擒之恨。诸葛亮同意将其松绑，并设宴款待。孟获回洞与孟优商议对策，孟优主张利用炎热酷暑，退回山阴洞中坚守，蜀军远道而来，禁受不住，久必自退。孟获以为蜀军已深入境内，无处退避，决定往秃龙洞朵思大王处求助。朵思用木石垒断路口，只留一条路给蜀军。这条路十分险恶，多藏蛇蝎，沿路还有四个毒泉，如饮泉水，不死即伤。,诸葛亮,历史人物,对手,,获,Text,0.9730,{}
188,求援，借来十万刀牌军，要和蜀军决战。赵云、魏延、马岱等将急于应战，诸葛亮却命蜀军退回营寨，坚守数日。众将不解其意，诸葛亮说：“我三擒孟获而不杀，是想收其心，而不想灭其族也！”三日后，诸葛亮用计引孟获自投罗网，连人带马，掉进陷坑被擒。诸葛亮下令推出斩首，孟获要求再放他回去，重整兵马，报四擒之恨。诸葛亮同意将其松绑，并设宴款待。孟获回洞与孟优商议对策，孟优主张利用炎热酷暑，退回山阴洞中坚守，蜀军远道而来，禁受不住，久必自退。孟获以为蜀军已深入境内，无处退避，决定往秃龙洞朵思大王处求助。朵思用木石垒断路口，只留一条路给蜀军。这条路十分险恶，多藏蛇蝎，沿路还有四个毒泉，如饮泉水，不死即伤。,诸葛亮,历史人物,对手,,孟优,历史人物,0.9646,{}
188,求援，借来十万刀牌军，要和蜀军决战。赵云、魏延、马岱等将急于应战，诸葛亮却命蜀军退回营寨，坚守数日。众将不解其意，诸葛亮说：“我三擒孟获而不杀，是想收其心，而不想灭其族也！”三日后，诸葛亮用计引孟获自投罗网，连人带马，掉进陷坑被擒。诸葛亮下令推出斩首，孟获要求再放他回去，重整兵马，报四擒之恨。诸葛亮同意将其松绑，并设宴款待。孟获回洞与孟优商议对策，孟优主张利用炎热酷暑，退回山阴洞中坚守，蜀军远道而来，禁受不住，久必自退。孟获以为蜀军已深入境内，无处退避，决定往秃龙洞朵思大王处求助。朵思用木石垒断路口，只留一条路给蜀军。这条路十分险恶，多藏蛇蝎，沿路还有四个毒泉，如饮泉水，不死即伤。,孟,历史人物,对手,,获,Text,0.9750,{}
188,求援，借来十万刀牌军，要和蜀军决战。赵云、魏延、马岱等将急于应战，诸葛亮却命蜀军退回营寨，坚守数日。众将不解其意，诸葛亮说：“我三擒孟获而不杀，是想收其心，而不想灭其族也！”三日后，诸葛亮用计引孟获自投罗网，连人带马，掉进陷坑被擒。诸葛亮下令推出斩首，孟获要求再放他回去，重整兵马，报四擒之恨。诸葛亮同意将其松绑，并设宴款待。孟获回洞与孟优商议对策，孟优主张利用炎热酷暑，退回山阴洞中坚守，蜀军远道而来，禁受不住，久必自退。孟获以为蜀军已深入境内，无处退避，决定往秃龙洞朵思大王处求助。朵思用木石垒断路口，只留一条路给蜀军。这条路十分险恶，多藏蛇蝎，沿路还有四个毒泉，如饮泉水，不死即伤。,孟,历史人物,对手,,孟优,历史人物,0.9704,{}
188,求援，借来十万刀牌军，要和蜀军决战。赵云、魏延、马岱等将急于应战，诸葛亮却命蜀军退回营寨，坚守数日。众将不解其意，诸葛亮说：“我三擒孟获而不杀，是想收其心，而不想灭其族也！”三日后，诸葛亮用计引孟获自投罗网，连人带马，掉进陷坑被擒。诸葛亮下令推出斩首，孟获要求再放他回去，重整兵马，报四擒之恨。诸葛亮同意将其松绑，并设宴款待。孟获回洞与孟优商议对策，孟优主张利用炎热酷暑，退回山阴洞中坚守，蜀军远道而来，禁受不住，久必自退。孟获以为蜀军已深入境内，无处退避，决定往秃龙洞朵思大王处求助。朵思用木石垒断路口，只留一条路给蜀军。这条路十分险恶，多藏蛇蝎，沿路还有四个毒泉，如饮泉水，不死即伤。,获,Text,对手,,孟优,历史人物,0.9749,{}
190,仍不服，诸葛亮又放他回去。第六十七集：七擒孟获诸葛亮五擒五纵孟获之后，攻下三江城，直逼梁都洞银坑山。孟获之妻祝融夫人见情况危急，亲自在银坑山与蜀军交锋，擒了张嶷和马忠两员蜀将。诸葛亮派赵云、魏延将祝融夫人擒获，换回张、马二将。次日，孟获请八纳洞主木鹿大王前来助阵，放出猛兽，赵云、魏延无法抵挡，只得撤兵。二将向诸葛亮请罪，诸葛亮微笑道：“不怪你等，我在隆中之时，就知南兵有驱兽之法，此次南征已备下破此阵之物，明日待我亲去迎战。”诸葛亮乘车督战，待南兵驱赶野兽扑来，一挥羽扇，掌车军士打开红油柜车，露出十个木制假兽。,诸葛亮,人物,对手,,祝融,人物,0.9759,{}
191,我亲去迎战。”诸葛亮乘车督战，待南兵驱赶野兽扑来，一挥羽扇，掌车军士打开红油柜车，露出十个木制假兽。军士用火将假兽腹下火线点燃，假兽口吐火焰，鼻冒黑烟，直向南兵冲去，真兽却不敢前进，惊而转向南兵阵中冲去。南兵大乱，木鹿大王死于乱军之中，蜀军乘胜夺占了银坑山。孟获无奈，令内弟带来洞主诈降，又被诸葛亮识破，孟获第六次被擒，因其心仍不服，诸葛亮再次放他回去。孟获又请来乌戈国王兀突骨，率三万藤甲军在桃花渡口下寨，以待蜀军。此藤甲渡江不沉、经水不湿，刀箭皆不能入。诸葛亮决定用火攻，他派赵云去盘蛇谷准备柴草，令魏延在半月内连输十五阵、弃七个营寨，以此诱敌深入，终于火烧了藤甲军。,亮,历史人物,对手,,孟,历史人物,0.9647,{}
195,山之计智取。他一面佯攻南安，一面派一军士假扮魏将裴绪向安定太守崔谅求援，崔谅信以为真，率兵前往救援。第六十九集：收姜维安定太守崔谅率兵去救夏侯楙，不想被诸葛亮擒获。诸葛亮随机应变，杀死崔谅、杨陵，生擒夏侯楙。天水太守马遵也中计，准备出兵，却为中郎将姜维识破，将计就计，打败了前来取城的赵云。诸葛亮亲自来到天水关，也遭姜维夜袭。这使诸葛亮震惊，他发现姜维作战指挥若定，用兵足智多谋，是个将才，甚为喜爱；而此时五虎上将仅剩赵云一人，且已白发如霜，自己也年将半百，尚未找到继承事业之人，于是他决定用计智收姜维。诸葛亮知姜维至孝，便派人先去冀城将其母接来，然后命魏延佯攻冀县。,姜维,人物,对手,,诸葛亮,人物,0.8521,{}
195,山之计智取。他一面佯攻南安，一面派一军士假扮魏将裴绪向安定太守崔谅求援，崔谅信以为真，率兵前往救援。第六十九集：收姜维安定太守崔谅率兵去救夏侯楙，不想被诸葛亮擒获。诸葛亮随机应变，杀死崔谅、杨陵，生擒夏侯楙。天水太守马遵也中计，准备出兵，却为中郎将姜维识破，将计就计，打败了前来取城的赵云。诸葛亮亲自来到天水关，也遭姜维夜袭。这使诸葛亮震惊，他发现姜维作战指挥若定，用兵足智多谋，是个将才，甚为喜爱；而此时五虎上将仅剩赵云一人，且已白发如霜，自己也年将半百，尚未找到继承事业之人，于是他决定用计智收姜维。诸葛亮知姜维至孝，便派人先去冀城将其母接来，然后命魏延佯攻冀县。,姜维,人物,对手,,姜维,人物,0.8780,{}
195,山之计智取。他一面佯攻南安，一面派一军士假扮魏将裴绪向安定太守崔谅求援，崔谅信以为真，率兵前往救援。第六十九集：收姜维安定太守崔谅率兵去救夏侯楙，不想被诸葛亮擒获。诸葛亮随机应变，杀死崔谅、杨陵，生擒夏侯楙。天水太守马遵也中计，准备出兵，却为中郎将姜维识破，将计就计，打败了前来取城的赵云。诸葛亮亲自来到天水关，也遭姜维夜袭。这使诸葛亮震惊，他发现姜维作战指挥若定，用兵足智多谋，是个将才，甚为喜爱；而此时五虎上将仅剩赵云一人，且已白发如霜，自己也年将半百，尚未找到继承事业之人，于是他决定用计智收姜维。诸葛亮知姜维至孝，便派人先去冀城将其母接来，然后命魏延佯攻冀县。,诸葛亮,人物,对手,,姜维,人物,0.8543,{}
196,承事业之人，于是他决定用计智收姜维。诸葛亮知姜维至孝，便派人先去冀城将其母接来，然后命魏延佯攻冀县。姜维为保老母，即向马遵请兵去救冀城。诸葛亮一面将被俘的夏侯楙放回天水，一面散布流言，称姜维降蜀；又命人假扮姜维，夜攻天水，使夏侯楙和马遵以为姜维果真降蜀。然后，诸葛亮亲自领兵攻冀县，姜维兵败，逃往天水，城门紧闭，姜维急呼开门，马遵疑其赚城，乱箭射之，姜维走投无路，正欲自刎，此时，诸葛亮带姜母来到身边劝降，姜维终于归降诸葛亮。诸葛亮收姜维后，姜维献计，助亮连克天水、上邽；诸葛亮后又在渭水之滨骂死王朗，蜀军威名大震。诸葛亮兵出祁山，军临渭水，直逼长安。,姜维,人物,对手,,诸葛亮,人物,0.5878,{}
198,，派儿子李丰到祁山向诸葛亮报信。孟达昔日因不救关羽而降魏，得知诸葛亮率军北伐，想叛魏归蜀，攻取洛阳。他去信告知诸葛亮：已约上庸太守申耽、金城太守申仪汇合三路兵马，就地举事，以助丞相。然而申耽、申仪兄弟明许举事，暗中却与孟达心腹李辅合谋，派人赴宛城密报司马懿。司马懿得报，当机立断，决定先擒孟达，后奏天子。他立即调集军马，派参军梁畿星夜赶往新城，命孟达准备出征，以稳住孟达，使其不疑；随后发兵，昼夜兼程，包围新城。诸葛亮接孟达信后，曾修书提醒，要其小心从事，提防司马懿，不可轻信他人。而孟达以为宛城远离洛阳八百里，司马懿如知他举事，需表奏魏主，往返月余方可出兵，不以为意。,李丰亮达,人物,君主,,司马懿,人物,0.4226,{}
201,，方可返回；命杨仪速差人去报告天水、南安、安定三郡官民，撤往汉中；另派人去冀县，接回姜维老母到汉中；再传令给赵云，命他率军断后，退回汉中。命全军暗整行装，准备起程。自己到西城县搬运粮草。就在此时，忽接探报，司马懿率十五万大军杀奔西城。西城乃一座空城，武将全部派出，城中只有文官，所引五千军士，已分一半去运粮草，城中剩下两千多士兵也全部在抢运粮草。一时战、撤均不可能，只有用空城计退兵。诸葛亮命军士速将城上旌旗隐蔽，城门大开，几个军士扮作百姓，洒扫街道。他端坐城楼，神情自若，安闲抚琴，身边只有两个小童。,姜维,人物,君主,,马懿,历史人物,0.5111,{}
203,天水、南安、安定三郡得而复失，他与王平回营请罪。诸葛亮虽惜马谡之才，但为了严肃军纪，挥泪将马谡斩首。因自己用人失当，上表请求自贬三级，免去丞相之职，后主刘禅从之，将亮降职为右将军，行丞相事，照旧总督军马。诸葛亮回到汉中，励兵讲武，聚积粮草，准备再次北伐。第七十二集：司马取印司马懿在西城中了诸葛亮的空城计后，回朝向魏明帝曹叡推荐郝昭把守陈仓，以防蜀军来犯。东吴下书，希蜀军北伐中原。蜀朝中大臣对出兵伐魏尚有异议，诸葛亮再次上表请求北伐，获准。诸葛亮二出祁山，派兵包围陈仓，因魏将郝昭守御甚密，连日攻城不下。曹叡命大将军曹真为大都督，率兵抵御蜀军，曹真派王双救援陈仓。王双骁勇善战，使陈仓更难攻取。,刘禅,历史人物,对手,,司懿,历史人物,0.6292,{}
203,天水、南安、安定三郡得而复失，他与王平回营请罪。诸葛亮虽惜马谡之才，但为了严肃军纪，挥泪将马谡斩首。因自己用人失当，上表请求自贬三级，免去丞相之职，后主刘禅从之，将亮降职为右将军，行丞相事，照旧总督军马。诸葛亮回到汉中，励兵讲武，聚积粮草，准备再次北伐。第七十二集：司马取印司马懿在西城中了诸葛亮的空城计后，回朝向魏明帝曹叡推荐郝昭把守陈仓，以防蜀军来犯。东吴下书，希蜀军北伐中原。蜀朝中大臣对出兵伐魏尚有异议，诸葛亮再次上表请求北伐，获准。诸葛亮二出祁山，派兵包围陈仓，因魏将郝昭守御甚密，连日攻城不下。曹叡命大将军曹真为大都督，率兵抵御蜀军，曹真派王双救援陈仓。王双骁勇善战，使陈仓更难攻取。,刘禅,历史人物,君主,,蜀朝,Text,0.5945,{}
203,天水、南安、安定三郡得而复失，他与王平回营请罪。诸葛亮虽惜马谡之才，但为了严肃军纪，挥泪将马谡斩首。因自己用人失当，上表请求自贬三级，免去丞相之职，后主刘禅从之，将亮降职为右将军，行丞相事，照旧总督军马。诸葛亮回到汉中，励兵讲武，聚积粮草，准备再次北伐。第七十二集：司马取印司马懿在西城中了诸葛亮的空城计后，回朝向魏明帝曹叡推荐郝昭把守陈仓，以防蜀军来犯。东吴下书，希蜀军北伐中原。蜀朝中大臣对出兵伐魏尚有异议，诸葛亮再次上表请求北伐，获准。诸葛亮二出祁山，派兵包围陈仓，因魏将郝昭守御甚密，连日攻城不下。曹叡命大将军曹真为大都督，率兵抵御蜀军，曹真派王双救援陈仓。王双骁勇善战，使陈仓更难攻取。,司懿,历史人物,对手,,蜀朝,Text,0.5451,{}
204,攻城不下。曹叡命大将军曹真为大都督，率兵抵御蜀军，曹真派王双救援陈仓。王双骁勇善战，使陈仓更难攻取。姜维献计，假降曹真，曹真信以为真，险些送命。诸葛亮自引大军进攻祁山，连败曹真。曹叡降诏，命曹真坚守不战，待蜀军粮绝，自会退兵。曹真不愿坐等，副都督郭淮献计，派孙礼假作运粮队运粮回营，以粮车为诱饵，待蜀军劫粮时，设伏歼之。此计被诸葛亮识破，他将计就计，令马岱等设伏兵，反将孙礼击败。诸葛亮因军中无粮，暂时退回汉中。王双引军来追，被魏延斩于马下，曹真闻之忧患成疾，回洛阳休养。公元229年，东吴孙权称帝，遣使入川，通报消息。诸葛亮劝刘禅派使臣携礼品作贺，请东吴兴师伐魏，牵制司马懿。,东吴,Text,对手,,司,历史人物,0.9256,{}
207,。第七十三集：祁山斗智诸葛亮大胜，所得器械、马匹不计其数，引大军回寨，每日令魏延挑战。魏兵只是不出。诸葛亮思得一计，传令各处皆拔寨而起，一连退下三寨。张郃引兵追赶，司马懿也出兵包围蜀军，诸葛亮传令分兵袭击司马懿营寨，司马闻知大惊，提兵急回，蜀军随后掩杀，魏军大败。诸葛亮正欲乘胜起兵进取时，忽闻成都来报：张苞病故。诸葛亮闻知放声痛哭，昏绝于地，自此卧床不起，不能理事，只好暂回汉中养病。建兴八年秋，曹真病愈后上表请伐西蜀，曹睿封曹真和司马懿为正副都督，率兵四十万，出长安，奔剑阁，直逼汉中。此时诸葛亮再出祁山。魏军因连日大雨而退，诸葛亮分兵两路从箕谷、斜谷而进，会于祁山。,张苞,历史人物,对手,,西蜀,Text,0.9511,{}
208,奔剑阁，直逼汉中。此时诸葛亮再出祁山。魏军因连日大雨而退，诸葛亮分兵两路从箕谷、斜谷而进，会于祁山。司马懿和曹真分别设伏兵于祁山东西，亮急派邓芝到军前，下令：“如出箕谷，提防魏兵埋伏，不可轻进。”陈式违抗军令轻出，遇魏兵埋伏，死伤惨重。诸葛亮为正军纪，斩了陈式。诸葛亮用计劫了曹真，打开通向祁山通道，四出祁山，以书信气死曹真。第七十四集：诸葛妆神蜀汉建兴八年（公元230年），诸葛亮四出祁山，北伐中原，气死曹真，大败魏军。曹睿闻讯，下诏命坚守在渭滨的司马懿出战。蜀魏双方在渭水河畔摆下战场，布阵斗法。诸葛亮摆出八卦阵斗司马，使魏兵败退，司马懿率军逃回南岸。,诸葛亮,历史人物,对手,,蜀汉,Text,0.9782,{}
208,奔剑阁，直逼汉中。此时诸葛亮再出祁山。魏军因连日大雨而退，诸葛亮分兵两路从箕谷、斜谷而进，会于祁山。司马懿和曹真分别设伏兵于祁山东西，亮急派邓芝到军前，下令：“如出箕谷，提防魏兵埋伏，不可轻进。”陈式违抗军令轻出，遇魏兵埋伏，死伤惨重。诸葛亮为正军纪，斩了陈式。诸葛亮用计劫了曹真，打开通向祁山通道，四出祁山，以书信气死曹真。第七十四集：诸葛妆神蜀汉建兴八年（公元230年），诸葛亮四出祁山，北伐中原，气死曹真，大败魏军。曹睿闻讯，下诏命坚守在渭滨的司马懿出战。蜀魏双方在渭水河畔摆下战场，布阵斗法。诸葛亮摆出八卦阵斗司马，使魏兵败退，司马懿率军逃回南岸。,诸葛亮,历史人物,对手,,蜀,Text,0.9768,{}
208,奔剑阁，直逼汉中。此时诸葛亮再出祁山。魏军因连日大雨而退，诸葛亮分兵两路从箕谷、斜谷而进，会于祁山。司马懿和曹真分别设伏兵于祁山东西，亮急派邓芝到军前，下令：“如出箕谷，提防魏兵埋伏，不可轻进。”陈式违抗军令轻出，遇魏兵埋伏，死伤惨重。诸葛亮为正军纪，斩了陈式。诸葛亮用计劫了曹真，打开通向祁山通道，四出祁山，以书信气死曹真。第七十四集：诸葛妆神蜀汉建兴八年（公元230年），诸葛亮四出祁山，北伐中原，气死曹真，大败魏军。曹睿闻讯，下诏命坚守在渭滨的司马懿出战。蜀魏双方在渭水河畔摆下战场，布阵斗法。诸葛亮摆出八卦阵斗司马，使魏兵败退，司马懿率军逃回南岸。,诸葛亮,历史人物,对手,,诸亮,历史人物,0.9782,{}
208,奔剑阁，直逼汉中。此时诸葛亮再出祁山。魏军因连日大雨而退，诸葛亮分兵两路从箕谷、斜谷而进，会于祁山。司马懿和曹真分别设伏兵于祁山东西，亮急派邓芝到军前，下令：“如出箕谷，提防魏兵埋伏，不可轻进。”陈式违抗军令轻出，遇魏兵埋伏，死伤惨重。诸葛亮为正军纪，斩了陈式。诸葛亮用计劫了曹真，打开通向祁山通道，四出祁山，以书信气死曹真。第七十四集：诸葛妆神蜀汉建兴八年（公元230年），诸葛亮四出祁山，北伐中原，气死曹真，大败魏军。曹睿闻讯，下诏命坚守在渭滨的司马懿出战。蜀魏双方在渭水河畔摆下战场，布阵斗法。诸葛亮摆出八卦阵斗司马，使魏兵败退，司马懿率军逃回南岸。,蜀汉,Text,对手,,蜀,Text,0.9770,{}
208,奔剑阁，直逼汉中。此时诸葛亮再出祁山。魏军因连日大雨而退，诸葛亮分兵两路从箕谷、斜谷而进，会于祁山。司马懿和曹真分别设伏兵于祁山东西，亮急派邓芝到军前，下令：“如出箕谷，提防魏兵埋伏，不可轻进。”陈式违抗军令轻出，遇魏兵埋伏，死伤惨重。诸葛亮为正军纪，斩了陈式。诸葛亮用计劫了曹真，打开通向祁山通道，四出祁山，以书信气死曹真。第七十四集：诸葛妆神蜀汉建兴八年（公元230年），诸葛亮四出祁山，北伐中原，气死曹真，大败魏军。曹睿闻讯，下诏命坚守在渭滨的司马懿出战。蜀魏双方在渭水河畔摆下战场，布阵斗法。诸葛亮摆出八卦阵斗司马，使魏兵败退，司马懿率军逃回南岸。,蜀汉,Text,对手,,诸亮,历史人物,0.9803,{}
208,奔剑阁，直逼汉中。此时诸葛亮再出祁山。魏军因连日大雨而退，诸葛亮分兵两路从箕谷、斜谷而进，会于祁山。司马懿和曹真分别设伏兵于祁山东西，亮急派邓芝到军前，下令：“如出箕谷，提防魏兵埋伏，不可轻进。”陈式违抗军令轻出，遇魏兵埋伏，死伤惨重。诸葛亮为正军纪，斩了陈式。诸葛亮用计劫了曹真，打开通向祁山通道，四出祁山，以书信气死曹真。第七十四集：诸葛妆神蜀汉建兴八年（公元230年），诸葛亮四出祁山，北伐中原，气死曹真，大败魏军。曹睿闻讯，下诏命坚守在渭滨的司马懿出战。蜀魏双方在渭水河畔摆下战场，布阵斗法。诸葛亮摆出八卦阵斗司马，使魏兵败退，司马懿率军逃回南岸。,蜀,Text,对手,,诸亮,历史人物,0.9799,{}
209,出战。蜀魏双方在渭水河畔摆下战场，布阵斗法。诸葛亮摆出八卦阵斗司马，使魏兵败退，司马懿率军逃回南岸。正当蜀军得胜之时，永安城李严派都尉苟安解运粮草至军中交割。苟安因好酒延误十日，诸葛亮按军法要处斩，杨仪讲情，乃重责八十。苟安被责，心中怀恨，连夜奔魏营投降。司马懿命他速回成都，散布流言，说孔明有怨上之意，欲篡位，使刘禅召回孔明。诸葛亮在祁山连胜魏军，正准备进兵，忽接诏召他回朝，被迫退军。为防司马懿袭击，命大军分五路而退，每日退军添灶而行。司马懿虽闻报：蜀寨空虚，人马皆去，但见蜀营每日增灶，怕中孔明之计，回军不追，蜀军安全撤回。公元231年，诸葛亮又率大军五出祁山，因军中缺粮，密引兵至陇上割麦。,刘禅,历史人物,对手,,孔明,Text,0.9773,{}
209,出战。蜀魏双方在渭水河畔摆下战场，布阵斗法。诸葛亮摆出八卦阵斗司马，使魏兵败退，司马懿率军逃回南岸。正当蜀军得胜之时，永安城李严派都尉苟安解运粮草至军中交割。苟安因好酒延误十日，诸葛亮按军法要处斩，杨仪讲情，乃重责八十。苟安被责，心中怀恨，连夜奔魏营投降。司马懿命他速回成都，散布流言，说孔明有怨上之意，欲篡位，使刘禅召回孔明。诸葛亮在祁山连胜魏军，正准备进兵，忽接诏召他回朝，被迫退军。为防司马懿袭击，命大军分五路而退，每日退军添灶而行。司马懿虽闻报：蜀寨空虚，人马皆去，但见蜀营每日增灶，怕中孔明之计，回军不追，蜀军安全撤回。公元231年，诸葛亮又率大军五出祁山，因军中缺粮，密引兵至陇上割麦。,刘禅,历史人物,对手,,诸葛亮,历史人物,0.9766,{}
209,出战。蜀魏双方在渭水河畔摆下战场，布阵斗法。诸葛亮摆出八卦阵斗司马，使魏兵败退，司马懿率军逃回南岸。正当蜀军得胜之时，永安城李严派都尉苟安解运粮草至军中交割。苟安因好酒延误十日，诸葛亮按军法要处斩，杨仪讲情，乃重责八十。苟安被责，心中怀恨，连夜奔魏营投降。司马懿命他速回成都，散布流言，说孔明有怨上之意，欲篡位，使刘禅召回孔明。诸葛亮在祁山连胜魏军，正准备进兵，忽接诏召他回朝，被迫退军。为防司马懿袭击，命大军分五路而退，每日退军添灶而行。司马懿虽闻报：蜀寨空虚，人马皆去，但见蜀营每日增灶，怕中孔明之计，回军不追，蜀军安全撤回。公元231年，诸葛亮又率大军五出祁山，因军中缺粮，密引兵至陇上割麦。,孔明,Text,对手,,诸葛亮,历史人物,0.9773,{}
212,的诸葛亮又上奏蜀主，要六出祁山。诸葛亮往昭烈庙拜谒先主刘备，立誓此次再出祁山，当竭力尽心，一举成功。正当诸葛亮设台激励众将共破曹魏之时，忽然传来关兴病故的噩耗。诸葛亮强忍悲伤，命魏延、姜维为先锋杀出祁山。司马懿调夏侯渊四子，率四十万大军迎战蜀军。诸葛亮揣测司马懿的用兵意图后，决定乘虚攻北原，引司马懿领兵来救，而蜀军却暗取渭滨，乘竹筏顺流而下，放火烧断司马所搭浮桥以攻其后，再引一军去夺占司马的前营。哪知被司马懿一一识破，蜀军大败，死伤万余人。诸葛亮叹曰：“司马懿老谋深算，处处设防，如想胜他，的确不易。看来，仅靠我军，其事难成！”乃修书一封命费祎前往东吴，面呈孙权，请其念同盟之义，出兵夹击魏国。,刘备,历史人物,对手,,曹,Text,0.8200,{}
213,不易。看来，仅靠我军，其事难成！”乃修书一封命费祎前往东吴，面呈孙权，请其念同盟之义，出兵夹击魏国。孙权允之，吴大帝嘉禾三年夏，吴起兵伐魏。司马懿接到军情急报，心神不安，最终设下郑文诈降计。诸葛亮识破郑文诈降，迫使郑文修书让司马懿自来劫营。司马懿接书大喜，正欲披挂出行，其子司马师力劝慎行，司马懿采纳师之建议，命秦朗率军先往，自为后应，结果均中诸葛亮之计。司马懿懊悔自责不已，自此高挂免战牌，坚守不出，与蜀军在祁山脚下形成僵持局面。魏蜀两军长期僵持，使远道而来的蜀军粮草接济十分不便，诸葛亮想尽办法引诱司马懿出战不成，便造出木牛流马转运粮草。,司马师,人物,对手,,慎行,人物,0.9196,{}
213,不易。看来，仅靠我军，其事难成！”乃修书一封命费祎前往东吴，面呈孙权，请其念同盟之义，出兵夹击魏国。孙权允之，吴大帝嘉禾三年夏，吴起兵伐魏。司马懿接到军情急报，心神不安，最终设下郑文诈降计。诸葛亮识破郑文诈降，迫使郑文修书让司马懿自来劫营。司马懿接书大喜，正欲披挂出行，其子司马师力劝慎行，司马懿采纳师之建议，命秦朗率军先往，自为后应，结果均中诸葛亮之计。司马懿懊悔自责不已，自此高挂免战牌，坚守不出，与蜀军在祁山脚下形成僵持局面。魏蜀两军长期僵持，使远道而来的蜀军粮草接济十分不便，诸葛亮想尽办法引诱司马懿出战不成，便造出木牛流马转运粮草。,司马师,人物,对手,,司马,人物,0.9329,{}
213,不易。看来，仅靠我军，其事难成！”乃修书一封命费祎前往东吴，面呈孙权，请其念同盟之义，出兵夹击魏国。孙权允之，吴大帝嘉禾三年夏，吴起兵伐魏。司马懿接到军情急报，心神不安，最终设下郑文诈降计。诸葛亮识破郑文诈降，迫使郑文修书让司马懿自来劫营。司马懿接书大喜，正欲披挂出行，其子司马师力劝慎行，司马懿采纳师之建议，命秦朗率军先往，自为后应，结果均中诸葛亮之计。司马懿懊悔自责不已，自此高挂免战牌，坚守不出，与蜀军在祁山脚下形成僵持局面。魏蜀两军长期僵持，使远道而来的蜀军粮草接济十分不便，诸葛亮想尽办法引诱司马懿出战不成，便造出木牛流马转运粮草。,慎行,人物,对手,,司马,人物,0.9328,{}
214,期僵持，使远道而来的蜀军粮草接济十分不便，诸葛亮想尽办法引诱司马懿出战不成，便造出木牛流马转运粮草。司马懿闻知有此灵便之物，非常震惊，立即派兵夺来木牛流马，并命营中工匠速速仿造，也用于搬运粮草。不想又中了诸葛亮之计，魏军所运粮草，尽成了蜀军囊中之物。司马懿大怒，率兵追杀，却又中了蜀军埋伏，险些丧命。他机警地将头盔弃于林东，自己向林西逃遁，才得以生还。诸葛亮命魏延挑司马懿金盔在魏营前挑战，司马懿任其肆意辱骂，拒不出战。诸葛亮为作长久打算，只好令将士与当地居民一起种田以给军粮。司马懿虽获知魏主曹叡已大胜吴军的喜讯，但仍坚守不出，亦不理会诸葛亮的祁山屯田，只待冬季大雪封山之时，蜀军不打自退。,司马懿,人物,对手,,亮,历史人物,0.9681,{}
215,主曹叡已大胜吴军的喜讯，但仍坚守不出，亦不理会诸葛亮的祁山屯田，只待冬季大雪封山之时，蜀军不打自退。诸葛亮对此深为忧虑，在明月高悬之时漫步营中，思及先主之志，感慨万千，萌生上方谷火攻一计，欲一举消灭司马懿，以直逼长安，挺进中原。第七十六集：火熄上方谷诸葛亮见司马懿坚壁固守、不肯出战，便分散建造营寨，以为长久之计；又密令马岱在上方谷暗伏精兵、虚搭窝棚，并备好柴草等引火之物，以待司马懿。司马懿果然中计，尽起全寨之兵，奇袭蜀军祁山大营，直扑上方谷。诸葛亮见大计已成，命蜀军射出火箭。火箭入谷，烟火四起，烈焰熊熊。司马懿惊呼中计，但为时已晚，谷内前后火起，父子三人陷于绝望之中。,曹叡,人物,对手,,司马懿,人物,0.9748,{}
218,上作了嘱咐。夕阳如血，晚霞灿烂，诸葛亮强支病体出营帐，最后一次望着他的兵士们，深怀遗憾地闭上了双目。建兴十二年（公元234年）秋八月二十三日，汉丞相诸葛亮病逝于五丈原，终年五十四岁。诸葛亮病逝之后，杨仪按丞相遗嘱缓缓撤军，用孔明生前所塑的木雕像吓退司马懿的几十万追杀大军，司马懿不由得惊叹：“诸葛亮天下奇才，我能料其生，不能料其死也。”由于诸葛亮将兵权遗交于杨仪，使自恃武艺高强而行为傲慢的魏延大为不满，果然举兵造反。,诸葛亮,历史人物,君主,,孔明,Text,0.8028,{}
218,上作了嘱咐。夕阳如血，晚霞灿烂，诸葛亮强支病体出营帐，最后一次望着他的兵士们，深怀遗憾地闭上了双目。建兴十二年（公元234年）秋八月二十三日，汉丞相诸葛亮病逝于五丈原，终年五十四岁。诸葛亮病逝之后，杨仪按丞相遗嘱缓缓撤军，用孔明生前所塑的木雕像吓退司马懿的几十万追杀大军，司马懿不由得惊叹：“诸葛亮天下奇才，我能料其生，不能料其死也。”由于诸葛亮将兵权遗交于杨仪，使自恃武艺高强而行为傲慢的魏延大为不满，果然举兵造反。,诸葛亮,历史人物,君主,,司,历史人物,0.7856,{}
218,上作了嘱咐。夕阳如血，晚霞灿烂，诸葛亮强支病体出营帐，最后一次望着他的兵士们，深怀遗憾地闭上了双目。建兴十二年（公元234年）秋八月二十三日，汉丞相诸葛亮病逝于五丈原，终年五十四岁。诸葛亮病逝之后，杨仪按丞相遗嘱缓缓撤军，用孔明生前所塑的木雕像吓退司马懿的几十万追杀大军，司马懿不由得惊叹：“诸葛亮天下奇才，我能料其生，不能料其死也。”由于诸葛亮将兵权遗交于杨仪，使自恃武艺高强而行为傲慢的魏延大为不满，果然举兵造反。,诸葛亮,历史人物,君主,,司,历史人物,0.7856,{}
218,上作了嘱咐。夕阳如血，晚霞灿烂，诸葛亮强支病体出营帐，最后一次望着他的兵士们，深怀遗憾地闭上了双目。建兴十二年（公元234年）秋八月二十三日，汉丞相诸葛亮病逝于五丈原，终年五十四岁。诸葛亮病逝之后，杨仪按丞相遗嘱缓缓撤军，用孔明生前所塑的木雕像吓退司马懿的几十万追杀大军，司马懿不由得惊叹：“诸葛亮天下奇才，我能料其生，不能料其死也。”由于诸葛亮将兵权遗交于杨仪，使自恃武艺高强而行为傲慢的魏延大为不满，果然举兵造反。,孔明,Text,君主,,司,历史人物,0.7051,{}
218,上作了嘱咐。夕阳如血，晚霞灿烂，诸葛亮强支病体出营帐，最后一次望着他的兵士们，深怀遗憾地闭上了双目。建兴十二年（公元234年）秋八月二十三日，汉丞相诸葛亮病逝于五丈原，终年五十四岁。诸葛亮病逝之后，杨仪按丞相遗嘱缓缓撤军，用孔明生前所塑的木雕像吓退司马懿的几十万追杀大军，司马懿不由得惊叹：“诸葛亮天下奇才，我能料其生，不能料其死也。”由于诸葛亮将兵权遗交于杨仪，使自恃武艺高强而行为傲慢的魏延大为不满，果然举兵造反。,孔明,Text,君主,,司,历史人物,0.7051,{}
218,上作了嘱咐。夕阳如血，晚霞灿烂，诸葛亮强支病体出营帐，最后一次望着他的兵士们，深怀遗憾地闭上了双目。建兴十二年（公元234年）秋八月二十三日，汉丞相诸葛亮病逝于五丈原，终年五十四岁。诸葛亮病逝之后，杨仪按丞相遗嘱缓缓撤军，用孔明生前所塑的木雕像吓退司马懿的几十万追杀大军，司马懿不由得惊叹：“诸葛亮天下奇才，我能料其生，不能料其死也。”由于诸葛亮将兵权遗交于杨仪，使自恃武艺高强而行为傲慢的魏延大为不满，果然举兵造反。,司,历史人物,君主,,司,历史人物,0.7294,{}
219,，不能料其死也。”由于诸葛亮将兵权遗交于杨仪，使自恃武艺高强而行为傲慢的魏延大为不满，果然举兵造反。就在他烧毁栈道，欲与杨仪大战一场，夺取兵权之时，杨仪按孔明锦囊所嘱，诱使魏延横刀立马连叫三声“谁敢杀我”，就在其话音未落之时，按孔明所授密计假意随魏延一起造反的马岱手起一刀，斩魏延于马下。魏延此时仍大睁着一双惊愕的双眼。杨仪、姜维、马岱等蜀军将士共扶丞相之灵柩，同进成都，蜀都上下皆挂孝，文武百官、山林百姓，无不痛哭，举国上下哀声震地。蜀主刘禅按诸葛亮临终遗愿，将其葬于定军山，不用墙垣砖石，不用一切祭物。唐代诗人杜甫诗曰：“三顾频烦天下计，两朝开济老臣心。出师未捷身先死，长使英雄泪满襟！,杨仪,历史人物,君主,,孔明,Text,0.5691,{}
219,，不能料其死也。”由于诸葛亮将兵权遗交于杨仪，使自恃武艺高强而行为傲慢的魏延大为不满，果然举兵造反。就在他烧毁栈道，欲与杨仪大战一场，夺取兵权之时，杨仪按孔明锦囊所嘱，诱使魏延横刀立马连叫三声“谁敢杀我”，就在其话音未落之时，按孔明所授密计假意随魏延一起造反的马岱手起一刀，斩魏延于马下。魏延此时仍大睁着一双惊愕的双眼。杨仪、姜维、马岱等蜀军将士共扶丞相之灵柩，同进成都，蜀都上下皆挂孝，文武百官、山林百姓，无不痛哭，举国上下哀声震地。蜀主刘禅按诸葛亮临终遗愿，将其葬于定军山，不用墙垣砖石，不用一切祭物。唐代诗人杜甫诗曰：“三顾频烦天下计，两朝开济老臣心。出师未捷身先死，长使英雄泪满襟！,杨仪,历史人物,君主,,刘禅,历史人物,0.6681,{}
219,，不能料其死也。”由于诸葛亮将兵权遗交于杨仪，使自恃武艺高强而行为傲慢的魏延大为不满，果然举兵造反。就在他烧毁栈道，欲与杨仪大战一场，夺取兵权之时，杨仪按孔明锦囊所嘱，诱使魏延横刀立马连叫三声“谁敢杀我”，就在其话音未落之时，按孔明所授密计假意随魏延一起造反的马岱手起一刀，斩魏延于马下。魏延此时仍大睁着一双惊愕的双眼。杨仪、姜维、马岱等蜀军将士共扶丞相之灵柩，同进成都，蜀都上下皆挂孝，文武百官、山林百姓，无不痛哭，举国上下哀声震地。蜀主刘禅按诸葛亮临终遗愿，将其葬于定军山，不用墙垣砖石，不用一切祭物。唐代诗人杜甫诗曰：“三顾频烦天下计，两朝开济老臣心。出师未捷身先死，长使英雄泪满襟！,杨仪,历史人物,君主,,唐代,Text,0.5260,{}
219,，不能料其死也。”由于诸葛亮将兵权遗交于杨仪，使自恃武艺高强而行为傲慢的魏延大为不满，果然举兵造反。就在他烧毁栈道，欲与杨仪大战一场，夺取兵权之时，杨仪按孔明锦囊所嘱，诱使魏延横刀立马连叫三声“谁敢杀我”，就在其话音未落之时，按孔明所授密计假意随魏延一起造反的马岱手起一刀，斩魏延于马下。魏延此时仍大睁着一双惊愕的双眼。杨仪、姜维、马岱等蜀军将士共扶丞相之灵柩，同进成都，蜀都上下皆挂孝，文武百官、山林百姓，无不痛哭，举国上下哀声震地。蜀主刘禅按诸葛亮临终遗愿，将其葬于定军山，不用墙垣砖石，不用一切祭物。唐代诗人杜甫诗曰：“三顾频烦天下计，两朝开济老臣心。出师未捷身先死，长使英雄泪满襟！,孔明,Text,君主,,刘禅,历史人物,0.6028,{}
219,，不能料其死也。”由于诸葛亮将兵权遗交于杨仪，使自恃武艺高强而行为傲慢的魏延大为不满，果然举兵造反。就在他烧毁栈道，欲与杨仪大战一场，夺取兵权之时，杨仪按孔明锦囊所嘱，诱使魏延横刀立马连叫三声“谁敢杀我”，就在其话音未落之时，按孔明所授密计假意随魏延一起造反的马岱手起一刀，斩魏延于马下。魏延此时仍大睁着一双惊愕的双眼。杨仪、姜维、马岱等蜀军将士共扶丞相之灵柩，同进成都，蜀都上下皆挂孝，文武百官、山林百姓，无不痛哭，举国上下哀声震地。蜀主刘禅按诸葛亮临终遗愿，将其葬于定军山，不用墙垣砖石，不用一切祭物。唐代诗人杜甫诗曰：“三顾频烦天下计，两朝开济老臣心。出师未捷身先死，长使英雄泪满襟！,孔明,Text,君主,,唐代,Text,0.4435,{}
219,，不能料其死也。”由于诸葛亮将兵权遗交于杨仪，使自恃武艺高强而行为傲慢的魏延大为不满，果然举兵造反。就在他烧毁栈道，欲与杨仪大战一场，夺取兵权之时，杨仪按孔明锦囊所嘱，诱使魏延横刀立马连叫三声“谁敢杀我”，就在其话音未落之时，按孔明所授密计假意随魏延一起造反的马岱手起一刀，斩魏延于马下。魏延此时仍大睁着一双惊愕的双眼。杨仪、姜维、马岱等蜀军将士共扶丞相之灵柩，同进成都，蜀都上下皆挂孝，文武百官、山林百姓，无不痛哭，举国上下哀声震地。蜀主刘禅按诸葛亮临终遗愿，将其葬于定军山，不用墙垣砖石，不用一切祭物。唐代诗人杜甫诗曰：“三顾频烦天下计，两朝开济老臣心。出师未捷身先死，长使英雄泪满襟！,刘禅,历史人物,君主,,唐代,Text,0.5764,{}
220,，不用一切祭物。唐代诗人杜甫诗曰：“三顾频烦天下计，两朝开济老臣心。出师未捷身先死，长使英雄泪满襟！”第七十八集：诈病赚曹爽景初三年（公元239年）正月，魏主曹叡身染重病，听从刘放、孙资二臣之言，封曹爽为大将军，总摄朝政；病危之时，又急召太尉司马懿还朝，效仿刘备托孤于诸葛孔明之举，将年方八岁的太子曹芳托于司马懿，言讫而死。司马懿与曹爽扶保曹芳即位，改元正始元年。何晏、李胜、桓范等人劝曹爽奏明圣上，尊司马懿为太傅，明升暗降，夺其掌兵之权。只顾玩耍的魏主曹芳准奏。自此，司马懿深居太傅府，不问时事，并诈病麻痹曹爽达十年之久。已是权倾朝野的曹爽以为高枕无忧，不顾桓范的劝阻，每日饮宴吃酒、醉卧梦乡。,唐代,Text,君主,,刘,历史人物,0.7806,{}
220,，不用一切祭物。唐代诗人杜甫诗曰：“三顾频烦天下计，两朝开济老臣心。出师未捷身先死，长使英雄泪满襟！”第七十八集：诈病赚曹爽景初三年（公元239年）正月，魏主曹叡身染重病，听从刘放、孙资二臣之言，封曹爽为大将军，总摄朝政；病危之时，又急召太尉司马懿还朝，效仿刘备托孤于诸葛孔明之举，将年方八岁的太子曹芳托于司马懿，言讫而死。司马懿与曹爽扶保曹芳即位，改元正始元年。何晏、李胜、桓范等人劝曹爽奏明圣上，尊司马懿为太傅，明升暗降，夺其掌兵之权。只顾玩耍的魏主曹芳准奏。自此，司马懿深居太傅府，不问时事，并诈病麻痹曹爽达十年之久。已是权倾朝野的曹爽以为高枕无忧，不顾桓范的劝阻，每日饮宴吃酒、醉卧梦乡。,唐代,Text,君主,,孔明,Text,0.6578,{}
220,，不用一切祭物。唐代诗人杜甫诗曰：“三顾频烦天下计，两朝开济老臣心。出师未捷身先死，长使英雄泪满襟！”第七十八集：诈病赚曹爽景初三年（公元239年）正月，魏主曹叡身染重病，听从刘放、孙资二臣之言，封曹爽为大将军，总摄朝政；病危之时，又急召太尉司马懿还朝，效仿刘备托孤于诸葛孔明之举，将年方八岁的太子曹芳托于司马懿，言讫而死。司马懿与曹爽扶保曹芳即位，改元正始元年。何晏、李胜、桓范等人劝曹爽奏明圣上，尊司马懿为太傅，明升暗降，夺其掌兵之权。只顾玩耍的魏主曹芳准奏。自此，司马懿深居太傅府，不问时事，并诈病麻痹曹爽达十年之久。已是权倾朝野的曹爽以为高枕无忧，不顾桓范的劝阻，每日饮宴吃酒、醉卧梦乡。,唐代,Text,君主,,曹芳,历史人物,0.6389,{}
220,，不用一切祭物。唐代诗人杜甫诗曰：“三顾频烦天下计，两朝开济老臣心。出师未捷身先死，长使英雄泪满襟！”第七十八集：诈病赚曹爽景初三年（公元239年）正月，魏主曹叡身染重病，听从刘放、孙资二臣之言，封曹爽为大将军，总摄朝政；病危之时，又急召太尉司马懿还朝，效仿刘备托孤于诸葛孔明之举，将年方八岁的太子曹芳托于司马懿，言讫而死。司马懿与曹爽扶保曹芳即位，改元正始元年。何晏、李胜、桓范等人劝曹爽奏明圣上，尊司马懿为太傅，明升暗降，夺其掌兵之权。只顾玩耍的魏主曹芳准奏。自此，司马懿深居太傅府，不问时事，并诈病麻痹曹爽达十年之久。已是权倾朝野的曹爽以为高枕无忧，不顾桓范的劝阻，每日饮宴吃酒、醉卧梦乡。,唐代,Text,君主,,司懿,历史人物,0.6450,{}
220,，不用一切祭物。唐代诗人杜甫诗曰：“三顾频烦天下计，两朝开济老臣心。出师未捷身先死，长使英雄泪满襟！”第七十八集：诈病赚曹爽景初三年（公元239年）正月，魏主曹叡身染重病，听从刘放、孙资二臣之言，封曹爽为大将军，总摄朝政；病危之时，又急召太尉司马懿还朝，效仿刘备托孤于诸葛孔明之举，将年方八岁的太子曹芳托于司马懿，言讫而死。司马懿与曹爽扶保曹芳即位，改元正始元年。何晏、李胜、桓范等人劝曹爽奏明圣上，尊司马懿为太傅，明升暗降，夺其掌兵之权。只顾玩耍的魏主曹芳准奏。自此，司马懿深居太傅府，不问时事，并诈病麻痹曹爽达十年之久。已是权倾朝野的曹爽以为高枕无忧，不顾桓范的劝阻，每日饮宴吃酒、醉卧梦乡。,刘,历史人物,君主,,孔明,Text,0.8180,{}
220,，不用一切祭物。唐代诗人杜甫诗曰：“三顾频烦天下计，两朝开济老臣心。出师未捷身先死，长使英雄泪满襟！”第七十八集：诈病赚曹爽景初三年（公元239年）正月，魏主曹叡身染重病，听从刘放、孙资二臣之言，封曹爽为大将军，总摄朝政；病危之时，又急召太尉司马懿还朝，效仿刘备托孤于诸葛孔明之举，将年方八岁的太子曹芳托于司马懿，言讫而死。司马懿与曹爽扶保曹芳即位，改元正始元年。何晏、李胜、桓范等人劝曹爽奏明圣上，尊司马懿为太傅，明升暗降，夺其掌兵之权。只顾玩耍的魏主曹芳准奏。自此，司马懿深居太傅府，不问时事，并诈病麻痹曹爽达十年之久。已是权倾朝野的曹爽以为高枕无忧，不顾桓范的劝阻，每日饮宴吃酒、醉卧梦乡。,刘,历史人物,君主,,曹芳,历史人物,0.8247,{}
220,，不用一切祭物。唐代诗人杜甫诗曰：“三顾频烦天下计，两朝开济老臣心。出师未捷身先死，长使英雄泪满襟！”第七十八集：诈病赚曹爽景初三年（公元239年）正月，魏主曹叡身染重病，听从刘放、孙资二臣之言，封曹爽为大将军，总摄朝政；病危之时，又急召太尉司马懿还朝，效仿刘备托孤于诸葛孔明之举，将年方八岁的太子曹芳托于司马懿，言讫而死。司马懿与曹爽扶保曹芳即位，改元正始元年。何晏、李胜、桓范等人劝曹爽奏明圣上，尊司马懿为太傅，明升暗降，夺其掌兵之权。只顾玩耍的魏主曹芳准奏。自此，司马懿深居太傅府，不问时事，并诈病麻痹曹爽达十年之久。已是权倾朝野的曹爽以为高枕无忧，不顾桓范的劝阻，每日饮宴吃酒、醉卧梦乡。,刘,历史人物,君主,,司懿,历史人物,0.8311,{}
220,，不用一切祭物。唐代诗人杜甫诗曰：“三顾频烦天下计，两朝开济老臣心。出师未捷身先死，长使英雄泪满襟！”第七十八集：诈病赚曹爽景初三年（公元239年）正月，魏主曹叡身染重病，听从刘放、孙资二臣之言，封曹爽为大将军，总摄朝政；病危之时，又急召太尉司马懿还朝，效仿刘备托孤于诸葛孔明之举，将年方八岁的太子曹芳托于司马懿，言讫而死。司马懿与曹爽扶保曹芳即位，改元正始元年。何晏、李胜、桓范等人劝曹爽奏明圣上，尊司马懿为太傅，明升暗降，夺其掌兵之权。只顾玩耍的魏主曹芳准奏。自此，司马懿深居太傅府，不问时事，并诈病麻痹曹爽达十年之久。已是权倾朝野的曹爽以为高枕无忧，不顾桓范的劝阻，每日饮宴吃酒、醉卧梦乡。,孔明,Text,君主,,曹芳,历史人物,0.8144,{}
220,，不用一切祭物。唐代诗人杜甫诗曰：“三顾频烦天下计，两朝开济老臣心。出师未捷身先死，长使英雄泪满襟！”第七十八集：诈病赚曹爽景初三年（公元239年）正月，魏主曹叡身染重病，听从刘放、孙资二臣之言，封曹爽为大将军，总摄朝政；病危之时，又急召太尉司马懿还朝，效仿刘备托孤于诸葛孔明之举，将年方八岁的太子曹芳托于司马懿，言讫而死。司马懿与曹爽扶保曹芳即位，改元正始元年。何晏、李胜、桓范等人劝曹爽奏明圣上，尊司马懿为太傅，明升暗降，夺其掌兵之权。只顾玩耍的魏主曹芳准奏。自此，司马懿深居太傅府，不问时事，并诈病麻痹曹爽达十年之久。已是权倾朝野的曹爽以为高枕无忧，不顾桓范的劝阻，每日饮宴吃酒、醉卧梦乡。,孔明,Text,君主,,司懿,历史人物,0.7759,{}
220,，不用一切祭物。唐代诗人杜甫诗曰：“三顾频烦天下计，两朝开济老臣心。出师未捷身先死，长使英雄泪满襟！”第七十八集：诈病赚曹爽景初三年（公元239年）正月，魏主曹叡身染重病，听从刘放、孙资二臣之言，封曹爽为大将军，总摄朝政；病危之时，又急召太尉司马懿还朝，效仿刘备托孤于诸葛孔明之举，将年方八岁的太子曹芳托于司马懿，言讫而死。司马懿与曹爽扶保曹芳即位，改元正始元年。何晏、李胜、桓范等人劝曹爽奏明圣上，尊司马懿为太傅，明升暗降，夺其掌兵之权。只顾玩耍的魏主曹芳准奏。自此，司马懿深居太傅府，不问时事，并诈病麻痹曹爽达十年之久。已是权倾朝野的曹爽以为高枕无忧，不顾桓范的劝阻，每日饮宴吃酒、醉卧梦乡。,曹芳,历史人物,君主,,司懿,历史人物,0.8000,{}
221,，并诈病麻痹曹爽达十年之久。已是权倾朝野的曹爽以为高枕无忧，不顾桓范的劝阻，每日饮宴吃酒、醉卧梦乡。一日，曹爽与弟曹羲、曹训驾鹰牵犬出城游猎，司马懿趁此机会，一举夺得兵权。曹爽念念不忘城中娇妻美妾，智囊桓范纵有良策，也不为其所用，最后只好将大司马之印拱手交予司马懿。曹爽却被司马懿以结党谋反为由，按律问斩，诛灭三族。魏主无奈，只好加司马懿“九锡”之赏。曹爽亲族夏侯霸反出雍州，投奔西蜀。嘉平三年（公元251年）秋八月，司马懿病逝。其子司马师被封为大将军，总领尚书机密大事，司马昭为骠骑大将军。自此，魏国朝政尽由司马氏专断。第七十九集：吴宫干戈神凤元年（公元252年），吴主孙权病逝。,曹爽,历史人物,君主,,魏国,Text,0.4429,{}
222,骑大将军。自此，魏国朝政尽由司马氏专断。第七十九集：吴宫干戈神凤元年（公元252年），吴主孙权病逝。在位二十四年，寿七十一岁，太傅诸葛恪遵遗命立孙亮为帝，改元建兴元年。正当满朝举哀之际，魏司马昭统领三十万大军，兵分三路进犯东兴。诸葛恪大惊，命老将丁奉引军自江中救东兴。丁奉率三千水兵，勇敢上岸，雪中进兵，将狂傲麻痹的魏军杀得死伤大半，东兴一战，大获全胜。诸葛恪甚为得意，并与蜀姜维约会，调集二十万大军，出兵中原。丁奉劝其先攻取魏国总隘口新城，恪从之，于是吴军便在新城展开了攻城战。新城守将张特派人请降，诸葛恪下令暂缓攻城。,魏国,Text,对手,,孙,历史人物,0.8738,{}
222,骑大将军。自此，魏国朝政尽由司马氏专断。第七十九集：吴宫干戈神凤元年（公元252年），吴主孙权病逝。在位二十四年，寿七十一岁，太傅诸葛恪遵遗命立孙亮为帝，改元建兴元年。正当满朝举哀之际，魏司马昭统领三十万大军，兵分三路进犯东兴。诸葛恪大惊，命老将丁奉引军自江中救东兴。丁奉率三千水兵，勇敢上岸，雪中进兵，将狂傲麻痹的魏军杀得死伤大半，东兴一战，大获全胜。诸葛恪甚为得意，并与蜀姜维约会，调集二十万大军，出兵中原。丁奉劝其先攻取魏国总隘口新城，恪从之，于是吴军便在新城展开了攻城战。新城守将张特派人请降，诸葛恪下令暂缓攻城。,魏国,Text,对手,,孙亮昭,历史人物,0.9535,{}
222,骑大将军。自此，魏国朝政尽由司马氏专断。第七十九集：吴宫干戈神凤元年（公元252年），吴主孙权病逝。在位二十四年，寿七十一岁，太傅诸葛恪遵遗命立孙亮为帝，改元建兴元年。正当满朝举哀之际，魏司马昭统领三十万大军，兵分三路进犯东兴。诸葛恪大惊，命老将丁奉引军自江中救东兴。丁奉率三千水兵，勇敢上岸，雪中进兵，将狂傲麻痹的魏军杀得死伤大半，东兴一战，大获全胜。诸葛恪甚为得意，并与蜀姜维约会，调集二十万大军，出兵中原。丁奉劝其先攻取魏国总隘口新城，恪从之，于是吴军便在新城展开了攻城战。新城守将张特派人请降，诸葛恪下令暂缓攻城。,孙,历史人物,对手,,孙亮昭,历史人物,0.9681,{}
227,水之南。魏主闻讯大惊，只得加封司马昭为大将军、录尚书事，中外事务任其裁处。自此，司马昭常怀篡逆之心。姜维率大军兵出祁山，与魏将邓艾相峙于祁山谷口。邓艾夜袭蜀营，因姜维有备而未获全胜，赞叹姜维深得孔明之法，兵在夜而不惊，将闻变而不乱。第八十一集：司马昭弑君古战场上，邓艾面对姜维的八卦阵踌躇不前，姜维言激邓艾入阵，突然烟尘翻滚，邓艾惨败，险些丧命，祁山九寨尽为蜀军所占。邓艾采纳司马望之计，拟暗袭祁山之后复夺九寨，又为姜维所败并身中四箭而逃。无奈中，巧使反间计，买通蜀宦官黄皓，散布谣言，令蜀主生疑，召回姜维。蜀主刘禅果然中计，下诏召回姜维。姜维只有仰天长叹，撤兵还都，半途而废。,司马昭,历史人物,对手,,孔明,Text,0.9693,{}
228,布谣言，令蜀主生疑，召回姜维。蜀主刘禅果然中计，下诏召回姜维。姜维只有仰天长叹，撤兵还都，半途而废。司马昭以《潜龙诗》为由，欲废魏主曹髦。又挟逼曹髦封其为晋公、加九锡。年轻气盛的魏主不甘屈辱，率身边数百兵士驾车讨贼。结果是驱羔羊入虎口，被司马昭部将成济一戟刺死。司马昭佯装大惊，扶尸哭喊；处死成济并诛其三族以泄众恨；又纵容贾充等人恭请他受禅称帝。他拒而不受，意欲将帝位留给其子，故又拥立一个十三岁半的小皇帝曹奂。第八十二集：九伐中原姜维又一次面对邓艾的祁山九寨，与张翼共设一计，准备一举全歼邓艾之军，尔后驱兵直取长安。结果大胜魏军，邓艾父子徒步逃入荒山，魏军的祁山九寨又被蜀军团团围住，败局已定。,曹髦,人物,对手,,曹奂,人物,0.8954,{}
231,诸葛绪不从军令，擅自进兵取败，欲斩其首。监军卫瓘劝钟会三思，因诸葛绪乃邓艾部下，若正军法，恐伤和气。钟会从其言，免诸葛绪一死，将其打入囚车，押赴洛阳请晋公裁处，并收编所领之兵。邓艾路遇囚车，见状大怒，骂钟会欺人太甚，意欲兴兵问罪，被其子邓忠拦阻。第八十三集：偷渡阴平钟会、邓艾在钟会大营会面，二人言语间互斗心计，最后商定：钟会破剑阁，走大道入蜀都；邓艾走阴平小路，出汉中德阳亭，以奇兵直取成都。哪知姜维率兵死守剑阁，钟会苦攻不下，邓艾率轻兵翻山越岭，先一步直逼蜀宫成都。刘禅闻讯，方寸顿乱，郤正献策：速召武侯之子诸葛瞻领绵竹之兵御敌。怎奈诸葛瞻、诸葛尚父子寡不敌众，诸葛尚英勇战死，诸葛瞻愤然自刎。,葛,人物,君主,,邓忠,人物,0.8842,{}
231,诸葛绪不从军令，擅自进兵取败，欲斩其首。监军卫瓘劝钟会三思，因诸葛绪乃邓艾部下，若正军法，恐伤和气。钟会从其言，免诸葛绪一死，将其打入囚车，押赴洛阳请晋公裁处，并收编所领之兵。邓艾路遇囚车，见状大怒，骂钟会欺人太甚，意欲兴兵问罪，被其子邓忠拦阻。第八十三集：偷渡阴平钟会、邓艾在钟会大营会面，二人言语间互斗心计，最后商定：钟会破剑阁，走大道入蜀都；邓艾走阴平小路，出汉中德阳亭，以奇兵直取成都。哪知姜维率兵死守剑阁，钟会苦攻不下，邓艾率轻兵翻山越岭，先一步直逼蜀宫成都。刘禅闻讯，方寸顿乱，郤正献策：速召武侯之子诸葛瞻领绵竹之兵御敌。怎奈诸葛瞻、诸葛尚父子寡不敌众，诸葛尚英勇战死，诸葛瞻愤然自刎。,葛,人物,君主,,刘禅,人物,0.8143,{}
231,诸葛绪不从军令，擅自进兵取败，欲斩其首。监军卫瓘劝钟会三思，因诸葛绪乃邓艾部下，若正军法，恐伤和气。钟会从其言，免诸葛绪一死，将其打入囚车，押赴洛阳请晋公裁处，并收编所领之兵。邓艾路遇囚车，见状大怒，骂钟会欺人太甚，意欲兴兵问罪，被其子邓忠拦阻。第八十三集：偷渡阴平钟会、邓艾在钟会大营会面，二人言语间互斗心计，最后商定：钟会破剑阁，走大道入蜀都；邓艾走阴平小路，出汉中德阳亭，以奇兵直取成都。哪知姜维率兵死守剑阁，钟会苦攻不下，邓艾率轻兵翻山越岭，先一步直逼蜀宫成都。刘禅闻讯，方寸顿乱，郤正献策：速召武侯之子诸葛瞻领绵竹之兵御敌。怎奈诸葛瞻、诸葛尚父子寡不敌众，诸葛尚英勇战死，诸葛瞻愤然自刎。,葛,人物,君主,,诸葛瞻尚,人物,0.7521,{}
231,诸葛绪不从军令，擅自进兵取败，欲斩其首。监军卫瓘劝钟会三思，因诸葛绪乃邓艾部下，若正军法，恐伤和气。钟会从其言，免诸葛绪一死，将其打入囚车，押赴洛阳请晋公裁处，并收编所领之兵。邓艾路遇囚车，见状大怒，骂钟会欺人太甚，意欲兴兵问罪，被其子邓忠拦阻。第八十三集：偷渡阴平钟会、邓艾在钟会大营会面，二人言语间互斗心计，最后商定：钟会破剑阁，走大道入蜀都；邓艾走阴平小路，出汉中德阳亭，以奇兵直取成都。哪知姜维率兵死守剑阁，钟会苦攻不下，邓艾率轻兵翻山越岭，先一步直逼蜀宫成都。刘禅闻讯，方寸顿乱，郤正献策：速召武侯之子诸葛瞻领绵竹之兵御敌。怎奈诸葛瞻、诸葛尚父子寡不敌众，诸葛尚英勇战死，诸葛瞻愤然自刎。,邓忠,人物,君主,,刘禅,人物,0.8265,{}
231,诸葛绪不从军令，擅自进兵取败，欲斩其首。监军卫瓘劝钟会三思，因诸葛绪乃邓艾部下，若正军法，恐伤和气。钟会从其言，免诸葛绪一死，将其打入囚车，押赴洛阳请晋公裁处，并收编所领之兵。邓艾路遇囚车，见状大怒，骂钟会欺人太甚，意欲兴兵问罪，被其子邓忠拦阻。第八十三集：偷渡阴平钟会、邓艾在钟会大营会面，二人言语间互斗心计，最后商定：钟会破剑阁，走大道入蜀都；邓艾走阴平小路，出汉中德阳亭，以奇兵直取成都。哪知姜维率兵死守剑阁，钟会苦攻不下，邓艾率轻兵翻山越岭，先一步直逼蜀宫成都。刘禅闻讯，方寸顿乱，郤正献策：速召武侯之子诸葛瞻领绵竹之兵御敌。怎奈诸葛瞻、诸葛尚父子寡不敌众，诸葛尚英勇战死，诸葛瞻愤然自刎。,邓忠,人物,君主,,诸葛瞻尚,人物,0.7449,{}
231,诸葛绪不从军令，擅自进兵取败，欲斩其首。监军卫瓘劝钟会三思，因诸葛绪乃邓艾部下，若正军法，恐伤和气。钟会从其言，免诸葛绪一死，将其打入囚车，押赴洛阳请晋公裁处，并收编所领之兵。邓艾路遇囚车，见状大怒，骂钟会欺人太甚，意欲兴兵问罪，被其子邓忠拦阻。第八十三集：偷渡阴平钟会、邓艾在钟会大营会面，二人言语间互斗心计，最后商定：钟会破剑阁，走大道入蜀都；邓艾走阴平小路，出汉中德阳亭，以奇兵直取成都。哪知姜维率兵死守剑阁，钟会苦攻不下，邓艾率轻兵翻山越岭，先一步直逼蜀宫成都。刘禅闻讯，方寸顿乱，郤正献策：速召武侯之子诸葛瞻领绵竹之兵御敌。怎奈诸葛瞻、诸葛尚父子寡不敌众，诸葛尚英勇战死，诸葛瞻愤然自刎。,刘禅,人物,君主,,诸葛瞻尚,人物,0.7123,{}
232,：速召武侯之子诸葛瞻领绵竹之兵御敌。怎奈诸葛瞻、诸葛尚父子寡不敌众，诸葛尚英勇战死，诸葛瞻愤然自刎。邓艾见状，翻身下马，单膝跪地，默祷一门忠烈，魏军将士亦依次跪倒。刘禅在成都闻邓艾取了绵竹，诸葛瞻父子已亡，急召文武商议。探马又报魏兵将近城下，众议纷然，刘禅最后听从谯周之言，正欲出降，其五子北地王刘谌怒骂谯周是偷生腐儒，阻其父降魏。刘禅斥之并将其逐出宫外，令谯周速作降书。刘谌闻讯，杀三子、割妻头，至昭烈庙哭诉先帝：“刘谌无德，不能保住祖上基业，唯有一死，以谢祖上。先帝有灵，知孙儿一片愚忠！”言讫，自刎而死。第八十四集：三分归晋炎兴元年（公元263年），刘禅率太子、诸王、群臣六十余人自缚降魏。,诸葛瞻,人物,君主,,刘禅,人物,0.9232,{}
233,讫，自刎而死。第八十四集：三分归晋炎兴元年（公元263年），刘禅率太子、诸王、群臣六十余人自缚降魏。蜀汉灭亡，自先主刘备建国以来，共历四十三年，传二帝。正在剑阁苦战的姜维及众将闻知此讯，捶胸痛哭，众将校士卒扯裂大旗、摔折武器，哭声十里可闻。值此危难时刻，姜维定下假降钟会，离间邓、钟之计，以求恢复汉室。钟会果然中计，重用姜维并与其结为兄弟，又在姜维指使下，拦截传递邓艾上书之人，按邓艾笔迹改写书信，借以激怒司马昭。司马昭果然大怒，陪同御驾亲征，并派人去钟会军前，令其收捕邓艾。邓艾父子于懵懂中被卫瓘拿下、收监。钟会令全军将士痛饮三天，重加犒赏。姜维怂恿钟会诈称奉太后遗诏讨伐司马昭弑君之罪，以夺天下。,刘禅,历史人物,君主,,蜀汉,Text,0.5054,{}
233,讫，自刎而死。第八十四集：三分归晋炎兴元年（公元263年），刘禅率太子、诸王、群臣六十余人自缚降魏。蜀汉灭亡，自先主刘备建国以来，共历四十三年，传二帝。正在剑阁苦战的姜维及众将闻知此讯，捶胸痛哭，众将校士卒扯裂大旗、摔折武器，哭声十里可闻。值此危难时刻，姜维定下假降钟会，离间邓、钟之计，以求恢复汉室。钟会果然中计，重用姜维并与其结为兄弟，又在姜维指使下，拦截传递邓艾上书之人，按邓艾笔迹改写书信，借以激怒司马昭。司马昭果然大怒，陪同御驾亲征，并派人去钟会军前，令其收捕邓艾。邓艾父子于懵懂中被卫瓘拿下、收监。钟会令全军将士痛饮三天，重加犒赏。姜维怂恿钟会诈称奉太后遗诏讨伐司马昭弑君之罪，以夺天下。,刘禅,历史人物,对手,,刘备昭,历史人物,0.4949,{}
233,讫，自刎而死。第八十四集：三分归晋炎兴元年（公元263年），刘禅率太子、诸王、群臣六十余人自缚降魏。蜀汉灭亡，自先主刘备建国以来，共历四十三年，传二帝。正在剑阁苦战的姜维及众将闻知此讯，捶胸痛哭，众将校士卒扯裂大旗、摔折武器，哭声十里可闻。值此危难时刻，姜维定下假降钟会，离间邓、钟之计，以求恢复汉室。钟会果然中计，重用姜维并与其结为兄弟，又在姜维指使下，拦截传递邓艾上书之人，按邓艾笔迹改写书信，借以激怒司马昭。司马昭果然大怒，陪同御驾亲征，并派人去钟会军前，令其收捕邓艾。邓艾父子于懵懂中被卫瓘拿下、收监。钟会令全军将士痛饮三天，重加犒赏。姜维怂恿钟会诈称奉太后遗诏讨伐司马昭弑君之罪，以夺天下。,蜀汉,Text,对手,,刘备昭,历史人物,0.6598,{}
235,能作声，以手指其子而亡。司马昭死后，其子司马炎继承王位，贾充、裴秀等逼迫魏主曹奂禅让退位，魏国灭亡。泰始元年（公元265年），司马炎登基，是为晋武帝，国号大晋。太康元年（公元280年），进兵吴国，吴主孙皓投降，吴国灭亡。自此结束了魏、蜀、吴三国之间七十二年混战的局面。,司马昭,人物,对手,,司马炎,人物,0.9681,{}
