sentence,relation,head,head_offset,tail,tail_offset
在张飞家中，刘关张三人畅饮叙谈，他们志同道合，便在桃林中结拜为兄弟,兄弟,刘备,64,关羽,66
在张飞家中，刘关张三人畅饮叙谈，他们志同道合，便在桃林中结拜为兄弟,兄弟,刘备,64,张飞,67
在张飞家中，刘关张三人畅饮叙谈，他们志同道合，便在桃林中结拜为兄弟,兄弟,关羽,66,张飞,67
为了除掉丁原，董卓的谋士李肃带着赤兔马和重金来到吕布营内，劝说吕布投靠董卓,君主,吕布,113,董卓,124
有勇无谋、见利忘义的吕布当夜杀了义父丁原，做了董卓的义子,君主,吕布,0,董卓,44
董卓得到吕布，如虎添翼，更加横行无忌,君主,吕布,10,董卓,6
曹操行刺董卓未成，逃回陈留，尽散家财，召募乡勇,对手,曹操,0,董卓,7
他联络袁绍，并向各州郡遍发讨董檄文，得到天下响应,盟友,曹操,12,袁绍,17
十八路诸侯为匡扶汉室，歃血为盟，公推祁乡侯、渤海太守袁绍为盟主，共同起兵讨伐董卓,盟友,袁绍,64,曹操,74
袁绍命其弟南阳太守袁术总督粮草,兄弟,袁绍,0,袁术,22
袁术怕孙坚夺了头功，便故意不发粮草，致使孙坚大败,对手,袁术,0,孙坚,15
关羽自告奋勇出战，因地位低下，遭到袁绍、袁术轻视,对手,关羽,0,袁绍,29
曹操赞赏关羽的勇气，命斟热酒一杯为关羽壮胆,盟友,曹操,0,关羽,12
张飞按捺不住，挺矛出战，与吕布酣战五十回合，不分胜负,对手,张飞,0,吕布,25
关羽见了，把马一拍，舞八十二斤青龙偃月刀，来夹攻吕布,对手,关羽,0,吕布,47
刘备举着双股剑，也来助战，兄弟三个围住吕布，四匹马就像走马灯一样厮杀在一起,对手,刘备,0,吕布,35
吕布终于抵挡不住，败回虎牢关,对手,刘备,0,吕布,0
司徒王允想除掉董卓，但苦无良策,对手,王允,3,董卓,15
先将貂蝉许嫁吕布，再献与董卓，离间他们父子，促使吕布杀死董卓,对手,吕布,54,董卓,58
吕布与貂蝉在凤仪亭相会时，貂蝉用言语激吕布对董卓不满,对手,吕布,0,董卓,39
董卓不见吕布，急回府，在凤仪亭，看到吕布正拥抱貂蝉，大怒，抓过吕布画戟刺去，吕布逃出相府,对手,董卓,0,吕布,16
王允趁势以言语相激，吕布决意杀董卓,对手,吕布,30,董卓,33
吕布持戟厉声：“有诏讨贼。”刺死董卓,对手,吕布,0,董卓,27
陶谦为保徐州，见刘备乃汉室宗亲，才德兼备，欲将徐州让与刘备,君主,刘备,46,陶谦,0
吕布在兖州被曹操打败，往徐州投奔刘备，屯驻小沛,君主,吕布,0,刘备,35
刘备无奈，只好向吕布求和，暂屯小沛,君主,刘备,0,吕布,26
袁术派大将纪灵率军攻打刘备，命人送二十万斛粟，约吕布夹攻,对手,袁术,0,刘备,19
刘备因兵微粮少，向吕布求援，吕布权衡利弊，怕袁术吞并刘备后，于己不利，乃起兵救刘备,盟友,刘备,0,吕布,26
吕布为两家和解，想出一计，约请刘备、纪灵赴宴,盟友,吕布,0,刘备,42
刘备很赞成，纪灵畏吕布之勇，只好答应,盟友,刘备,0,吕布,30
刘备求和，吕布不许，刘备只好乘夜突围，去投曹操,君主,刘备,0,曹操,44
正当曹操联合刘备准备共图徐州吕布之时，对手,曹操,9,吕布,37
刘备在徐州大败袁术,对手,刘备,0,袁术,16
袁术在淮南称帝，为报吕布反目悔婚之恨，大举七路兵马攻打徐州,对手,袁术,0,吕布,32
吕布用陈登之计，大败袁术,对手,吕布,0,袁术,22
其后曹操又率大军十七万，会合江东孙策、豫州刘备、徐州吕布三路大军征讨袁术,对手,曹操,12,袁术,71
刘备派孙乾去袁绍处再次求救,盟友,刘备,0,袁绍,21
谋士田丰认为此时许都空虚，正是灭曹以成大业的大好时机，力劝袁绍发兵，袁绍却只因所爱小子身患疥疮，无心用兵,君主,田丰,3,袁绍,40
此时曹操已大兵压境，张飞献计乘其兵困马乏，立足未稳之时，劫营破曹，刘备从之，哪知曹操早有防备，乘势夺了小沛，杀散刘备和张飞，并用重兵将下邳团团围住,对手,刘备,87,曹操,97
关羽在土山与曹操约三事后，一边思念刘备，一边亲自护送甘、糜二夫人，随曹操踏上回许都之路,君主,关羽,0,曹操,55
到了许昌，曹操对关羽格外厚待，三日一小宴，五日一大宴，还送美女、绫锦、金银器皿等，以买其心；而关羽却常怀去心，曹操深为焦虑,君主,关羽,117,曹操,13
关羽深感曹操厚意，但无论如何也难忘刘皇叔厚恩，只答应要立功以报丞相，然后方去,君主,关羽,0,曹操,6
曹操连连叹息不止，却深赞其事主不忘其本，真乃天下之义士！,君主,关羽,38,曹操,0
此时，刘备在冀州袁绍府言激袁绍兴兵伐曹，袁绍从其言,君主,刘备,12,袁绍,27
谋士田丰却认为此时曹兵正锐，不宜发兵，直言力谏袁绍，反被打入死牢,君主,田丰,3,袁绍,41
谋士沮授等见此，神情黯然,同僚,田丰,3,沮授,16
曹操闻袁绍起兵，也急起大军十五万前往迎战，袁军先锋大将颜良威武异常，在白马连斩宋宪、魏续二将，又败徐晃，其锐无人能挡，曹操心中忧闷，脸色不快,对手,曹操,0,袁绍,19
关羽不知刘备在袁绍处，为报曹操厚待之恩，连斩颜良、文丑二将,君主,关羽,0,曹操,40
袁绍盛怒，欲斩刘备，又被其巧言说服,君主,刘备,26,袁绍,0
不知内情的刘备致书责关羽割恩断义，云长方知兄之所在，恸声大哭，回书涕言前情，不顾曹操的盛情挽留和百般阻拦，挂印封金，要护送二位嫂嫂千里寻兄,兄弟,刘备,16,关羽,24
曹操无奈，又甚为其情所感，只好亲自于霸桥赠袍相送，遥望关羽策马消失在天地尽头，叹息不已,君主,关羽,46,曹操,0
船行渡口，孙乾赶来，告知刘备因恐被袁绍加害，已脱身往汝南会合刘辟去了,君主,刘备,30,袁绍,36
刘备从简雍之议，假说“前往荆州劝说刘表共同破曹”，方自袁绍处脱身，兄弟始得相见,君主,刘备,0,袁绍,79
刘、关、张三人奔到一起，面色庄重，眼含泪花，六臂环抱，对面而跪，恰似当年桃园情景,兄弟,刘备,0,关羽,4
刘、关、张三人奔到一起，面色庄重，眼含泪花，六臂环抱，对面而跪，恰似当年桃园情景,兄弟,刘备,0,张飞,7
刘、关、张三人奔到一起，面色庄重，眼含泪花，六臂环抱，对面而跪，恰似当年桃园情景,兄弟,关羽,4,张飞,7
孙策对吴太夫人说：“倘内事不决可问张昭，外事不决可问周瑜。”,同僚,张昭,61,周瑜,74
他让大乔好生照顾母亲，并让大乔嘱咐小乔妹转告周郎，一定要尽心辅佐孙权,配偶,周瑜,86,小乔,75
孙权为与曹操谋和修好，拒绝了袁绍提出的结盟抗曹请求,对手,孙权,9,曹操,18
建安五年（公元200年）八月，袁绍起冀、青、幽、并四州兵马七十万攻伐曹操,对手,袁绍,35,曹操,62
被关押在狱里的谋士田丰，急向袁绍上书，劝他“只宜静守，不可妄兴大兵”,君主,田丰,12,袁绍,22
袁绍不纳忠言，要与曹操决一死战,对手,袁绍,0,曹操,24
曹操亲统大军七万迎敌,对手,曹操,0,袁绍,0
袁绍的谋士沮授劝告袁绍：“我军虽众，而勇猛不及彼军；彼军虽精，而粮草不如我军,君主,沮授,3,袁绍,13
袁绍不但不听，反将沮授锁禁军中,君主,沮授,31,袁绍,7
许攸告知曹操，袁绍七十万大军之粮草、辎重尽屯于乌巢,对手,曹操,11,袁绍,18
袁绍派大将张郃、高览进攻曹军大营，因曹操早有埋伏，二人战败,君主,张郃,12,袁绍,0
袁绍听信谗言，怀疑二将有降曹之心，因而作战不力,君主,张郃,0,袁绍,0
张郃、高览被逼无奈，投奔曹营,君主,张郃,0,曹操,30
曹操见时机成熟，分兵八路直冲袁寨，大获全胜，获得许多粮食、辎重，又从袁绍帐中搜出许多曹营中人私通袁绍的书信,对手,曹操,0,袁绍,58
袁军土崩瓦解，袁绍只带八百骑渡河逃走,对手,曹操,0,袁绍,25
田丰在狱中被袁绍赐死,君主,田丰,0,袁绍,15
曹操在官渡之战中以少胜多，打败袁绍，陈兵黄河两岸,对手,曹操,15,袁绍,27
袁绍回到冀州，长子袁谭、次子袁熙、幼子袁尚和外甥高干分别从青、幽、并州领兵前往助战,父亲,袁绍,10,袁谭,21
袁绍回到冀州，长子袁谭、次子袁熙、幼子袁尚和外甥高干分别从青、幽、并州领兵前往助战,父亲,袁绍,10,袁熙,30
袁绍回到冀州，长子袁谭、次子袁熙、幼子袁尚和外甥高干分别从青、幽、并州领兵前往助战,父亲,袁绍,10,袁尚,39
袁绍再集二十多万大军，兵发仓亭，要报官渡之仇,对手,袁绍,0,曹操,37
曹操用程昱“十面埋伏”之计，派许褚诱袁军追至河上,对手,曹操,0,袁绍,34
袁绍抱三子痛哭，昏厥吐血，只好回冀州养病,父亲,袁绍,0,袁谭,15
曹操庆仓亭大胜，重赏三军，忽接荀彧来信：“刘备在汝南起兵，乘虚来攻许都。”,对手,曹操,0,刘备,64
刘备因寡不敌众大败，投奔荆州刘表,君主,刘备,26,刘表,36
曹操按程昱建议“先破袁绍，后取荆襄”领兵赴官渡，攻打袁绍,对手,曹操,31,袁绍,59
袁绍再吃败仗，旧病复发，吐血身亡,对手,曹操,0,袁绍,15
临终前，他废长立幼，封第三子袁尚为大司马将军，这引起袁谭、袁熙不满,父亲,袁绍,13,袁尚,38
郭嘉进谏曹操不必急攻，待兄弟反目，再讨伐袁军不迟,君主,郭嘉,0,曹操,9
果然袁谭和袁尚互相残杀起来,兄弟,袁谭,6,袁尚,13
曹操乘势用许攸之计，决了漳河之水，攻下冀州城,对手,曹操,0,袁尚,0
袁绍手下谋士审配宁死不屈，被曹操斩杀，死后葬于城北,君主,审配,3,袁绍,9
城破后，曹操祭拜袁绍,对手,曹操,12,袁绍,19
许攸高傲无礼，被许褚杀死,同僚,许攸,0,许褚,18
袁尚去幽州投袁熙,兄弟,袁尚,0,袁熙,15
袁谭投降曹操，遭到拒绝，被曹洪杀死于阵中，谋士郭图亦被乐进射杀,对手,袁谭,0,曹操,16
不久公孙康因怀疑二袁想占辽东，杀死二袁，将首级送与曹操，并愿归顺朝廷,对手,公孙康,18,袁尚,50
不久公孙康因怀疑二袁想占辽东，杀死二袁，将首级送与曹操，并愿归顺朝廷,对手,公孙康,18,袁熙,50
刘表之妻蔡夫人担心刘备要夺荆州,对手,蔡夫人,12,刘备,23
一日，刘表约刘备来荆州倾诉心事，他想废长立幼，又恐碍于礼法；要立长子，而荆州军务大权均在蔡氏宗族手中，后必生乱，因而左右为难,同僚,刘表,10,刘备,20
刘备未加思索，言道：“自古废长立幼，取乱之道，若忧蔡氏权重，可徐徐削之。”,同僚,刘备,0,刘表,0
不料被躲在屏风后的蔡夫人听见,配偶,刘表,25,蔡夫人,34
她忌恨刘备，命其弟蔡瑁深夜包围馆驿，要杀害刘备,对手,蔡夫人,0,刘备,12
刘表幕宾伊籍将蔡瑁之谋报知刘备，刘备悄悄离开馆驿回到新野,同僚,伊籍,3,刘备,24
蔡瑁又和蔡夫人密谋，要在襄阳大会上杀死刘备,对手,蔡瑁,0,刘备,44
诸葛瑾至孝，接信后，不知其诈，被迫辞别刘备,同僚,诸葛瑾,0,刘备,41
徐庶感其诚意，拨马而回，向刘备举荐诸葛亮，称亮有“经天纬地之才”,师傅,刘备,45,诸葛亮,54
刘备随即带着关羽、张飞前往卧龙岗拜请诸葛亮,君主,刘备,0,诸葛亮,35
初顾茅庐，不巧，诸葛亮外出未归,君主,刘备,0,诸葛亮,20
刘备在归途中遇亮之好友崔州平，误以为是诸葛亮，连忙拜谒,君主,刘备,0,诸葛亮,32
数日后，刘备探知诸葛亮已回隆中，即与关、张准备再顾茅庐,君主,刘备,0,诸葛亮,18
到茅庐后，又将诸葛亮之弟诸葛均错认,兄弟,诸葛亮,15,诸葛均,24
均告知刘备，其兄于前日出游，刘备只好留书信表达仰慕之意,兄弟,诸葛均,0,诸葛亮,17
正要离去，又遇诸葛亮之岳父黄承彦，刘备再向其表达来意，辞别而归,师傅,诸葛亮,15,黄承彦,24
刘备三顾茅庐，适逢诸葛亮在草堂午睡未醒，备吩咐关、张在门外等候，自己徐步而入，拱手平气立于阶下恭候，直到诸葛亮醒后，方入内相见,君主,刘备,0,诸葛亮,20
备虚心恭敬拜见孔明，并求教天下大事,君主,刘备,0,诸葛亮,22
孔明见刘备至诚，乃说出创业大计,君主,诸葛亮,0,刘备,16
诸葛亮又取出西川地图，告刘备：“欲成霸业，北让曹操占天时，南让孙权占地利，将军可占人和”；“先取荆州为家，后取西川建基业，以成鼎足之势,君主,诸葛亮,0,刘备,30
刘备深受教益，顿开茅塞，便拜请孔明出山相助,君主,刘备,0,诸葛亮,40
孔明感其真诚，答应出山，随刘备同赴新野,君主,诸葛亮,0,刘备,23
孙权为报父仇，杀死黄祖，出兵柴桑,对手,孙权,12,黄祖,21
刘表闻报，病势加重，请刘备来荆州商议报仇之策,同僚,刘表,0,刘备,35
诸葛亮调兵遣将，命赵云为前部，诱敌入博望坡,君主,诸葛亮,0,赵云,19
关羽、张飞和众将初次见孔明用计，均疑惑不定,同僚,关羽,0,诸葛亮,25
至此，关、张等才心服孔明,同僚,关羽,6,诸葛亮,27
孙权为报父仇，杀死黄祖，出兵柴桑,对手,孙权,12,黄祖,21
刘表闻报，病势加重，欲将荆州托付给刘备，刘备连忙推辞,同僚,刘表,0,刘备,35
刘表妻蔡氏为让刘琮继位，时时欲加害刘琦,父亲,刘表,0,刘琦,35
刘表妻蔡氏为让刘琮继位，时时欲加害刘琦,父亲,刘表,0,刘琮,24
琦便向刘备求救,君主,刘琦,0,刘备,11
刘备示意其向诸葛亮问计，亮以家事不便介入为由避而不答,君主,刘备,0,诸葛亮,28
刘琦宴请诸葛亮，再次问计，亮仍不答,君主,刘琦,0,诸葛亮,15
刘琦请诸葛亮登一小楼，并撤去楼梯，第三次问计，如再不相救则拔剑自刎,君主,刘琦,0,诸葛亮,15
亮无奈说出春秋时申生在内而亡，重耳在外而安的故事，刘琦于是带兵三千，到江夏屯兵避祸,君主,诸葛亮,0,刘琦,66
刘表病危，诸葛亮建议刘备乘机取荆州，以拒曹操,君主,诸葛亮,0,刘备,24
刘备念刘表之恩，不忍图之,同僚,刘备,0,刘表,15
不久，刘表病故，蔡氏密不发丧，假写遗嘱，立次子刘琮为荆州之主，蔡瑁独掌荆州大权,父亲,刘表,0,刘琮,58
建安十三年（公元208年）秋，曹操亲率五十万大军，分五路南侵，欲夺荆州，刘琮不战而降，将荆州九郡献与曹操,君主,刘琮,75,曹操,97
建安十三年（公元208年），在曹操大军的威逼之下，荆州刘表之子刘琮献城降曹,父亲,刘表,46,刘琮,51
刘备弃樊城携民渡江，败走汉津，投江夏刘琦处暂避,君主,刘备,0,刘琦,45
消息传来，东吴朝野一片震惊，武将要战，文官主降，争论不休,君主,孙权,39,曹操,0
孙权不甘降曹，又恐力量不敌，举棋不定,对手,孙权,6,曹操,11
鲁子敬力排众议，愿亲到江夏，搬请诸葛亮共议破曹大计,同僚,鲁肃,0,诸葛亮,48
孙权因刘备两次打败曹操，急于摸清曹军兵力，同意鲁肃去江夏探听虚实,对手,孙权,12,曹操,30
诸葛亮于是决定只身入吴，要凭三寸不烂之舌，去说孙、曹两家互相吞并,对手,诸葛亮,0,曹操,86
诸葛亮在鲁肃邀请下出使东吴，东吴众臣蔑视孔明，在谒见孙权之前，先安排他在集贤堂与众官相会，想杀杀他的威风,君主,诸葛亮,11,孙权,57
东吴重臣张昭、顾雍等知诸葛亮来意，纷纷向诸葛亮发难，气势汹汹，不可一世,对手,张昭,3,诸葛亮,31
诸葛亮面对群儒，从容不迫，对答如流，以降曹必亡，曹军可以打败之理，说服众臣，驳得张昭“瞠目结舌，无言答对”；虞翻“面红耳赤，低头不语”；步骘、薛琮“语塞口呆”,对手,诸葛亮,0,张昭,77
老将黄盖力主抗曹，他请孔明以孙、刘联兵破曹之策，说动孙权,盟友,黄盖,0,诸葛亮,30
诸葛亮为使孙权打消顾虑，增强抗曹信心，先以言词激之，后以权衡利害得失动之，使孙权接受破曹之计,君主,诸葛亮,0,孙权,12
孙权因事关东吴存亡，忧虑不安，吴国太提醒他“外事不决问周瑜”，他急速派人去鄱阳湖将水军都督周瑜召回议事,母亲,孙权,39,吴国太,42
周瑜归，鲁肃引诸葛亮与周相会,同僚,周瑜,0,诸葛亮,24
鲁肃问周瑜主和还是主战，瑜本意主战，却故意说主和，鲁肃信以为真与其争论,同僚,鲁肃,0,周瑜,11
诸葛亮早已看出周瑜心思，要智激周瑜，在一旁冷笑不语,对手,诸葛亮,0,周瑜,27
瑜问之，亮也故意说主和，提出只要将江东二乔送与曹操，操必退兵，并曲引曹植《铜雀台赋》中“揽二乔于东南兮，乐朝夕之与共”二句，证明曹操确想得到二乔,对手,诸葛亮,24,周瑜,4
瑜听罢，大骂曹操欺人太甚,对手,周瑜,0,曹操,20
亮假作不解，瑜说明“大乔乃孙策之妻，小乔则是瑜妻,配偶,周瑜,46,小乔,50
望孔明助一臂之力，共破曹操,盟友,周瑜,13,诸葛亮,18
诸葛亮和周瑜的一番话被周瑜爱妻小乔听到，她对周瑜说：“即使曹贼不是专为我姐妹而发兵，一旦江南沦落，妾身与儿女们必落于曹贼之手,配偶,周瑜,35,小乔,31
此语更使周瑜决心抗曹,对手,周瑜,12,曹操,0
周瑜与孙权分析曹军致命弱点,君主,周瑜,0,孙权,11
孙权决定与曹军开战，封周瑜为大都督，统帅三军，并赠予尚方宝剑,君主,孙权,0,周瑜,32
周瑜将此情告知诸葛亮，亮却估计孙权仍有顾虑,对手,周瑜,0,诸葛亮,22
当夜，周瑜再次进帐，发现孙权果如诸葛亮所说担心曹军强大，怕力不能胜,君主,周瑜,0,孙权,27
周瑜便将曹兵实际人数告诉孙权，孙权才疑云顿逝，忧虑全消,君主,周瑜,0,孙权,32
周瑜忌才，他深感诸葛亮谋略高己一筹，日后必成江东之患，不如早日除之,对手,周瑜,0,诸葛亮,24
他与鲁肃计议，鲁肃忙劝阻说：“操贼未破，先杀贤士，是自伤其臂也，且恐失信于天下,同僚,周瑜,3,鲁肃,11
诸葛瑾乃其胞兄，可劝其留在江东,兄弟,诸葛亮,0,诸葛瑾,0
周瑜请诸葛瑾说服亮未见成效，又想借曹操之手杀亮，又被亮识破,对手,周瑜,0,诸葛亮,40
周瑜便诱请刘备过江，想借机杀之，因关羽跟随左右，未敢动手,对手,周瑜,0,刘备,23
周瑜接受鲁肃建议，决定待破曹之后再除孔明,对手,周瑜,24,诸葛亮,51
瑜先派甘宁向曹操讨战，首战告捷，还亲自去窥探曹营水寨实情,对手,周瑜,11,曹操,20
曹操闻报大怒，要设计破吴，谋士蒋干自告奋勇往江东说降周瑜,对手,曹操,0,周瑜,56
周瑜知其来意，设宴款待，假意宣称蒋干乃瑜旧友，并非曹操说客，却暗中布置钓钩,对手,周瑜,0,曹操,52
蒋干见周瑜及诸将战风凛凛，不敢提起劝降之事，只得竭力应酬,对手,蒋干,0,周瑜,11
周瑜此计，被诸葛亮看穿，这使周瑜更加忌恨，决心要除掉诸葛亮，以绝后患,对手,周瑜,17,诸葛亮,26
他为难诸葛亮，限其十日监造十万枝箭，以作攻敌之用,对手,周瑜,10,诸葛亮,14
周瑜虽震惊，但心中暗喜，恐其有变，逼孔明立下军令状,对手,周瑜,0,诸葛亮,38
鲁肃深为孔明担忧，而亮却若无其事，只请鲁肃助他二十只船，每船配军士三十人，备齐鼓乐，船上用青布为幔，船中用草束分布两侧，并嘱咐肃：“这次人命关天，千万不可让公瑾得知,同僚,鲁肃,0,诸葛亮,14
周瑜无可奈何地惊叹：“孔明神机妙算，吾不如也。”只好请诸葛亮协助，共同抗曹,对手,周瑜,0,诸葛亮,38
蒋干盗书使曹操错杀水军都督蔡瑁、张允，草船借箭又令曹操平白折损十五六万枝羽箭，连续的失利使曹操极为恼火，遂采纳谋士荀攸的诈降计，派遣蔡瑁族弟蔡中、蔡和过江假降东吴作为内应,对手,曹操,0,周瑜,0
谁知此举仍在周瑜的预料之中，他借此将计就计，欲施苦肉计，以实现其火攻曹操的大计，奈何一时又找不到合适人选,对手,周瑜,25,曹操,72
正焦虑中，老将黄盖押粮归营，识破都督心事，自告奋勇，甘受肉刑,君主,黄盖,12,周瑜,31
周瑜感动不已,君主,黄盖,0,周瑜,0
鲁肃深责孔明袖手旁观，孔明告知鲁肃此为都督之计：一个愿打，一个愿挨，愿挨者疼之皮肉，愿打者痛之于心,同僚,鲁肃,0,诸葛亮,22
看破周瑜之计的还有一位——东吴参军阚泽,同僚,阚泽,49,周瑜,31
他受黄盖之托，过江献诈降书与曹操，凭三寸不烂之舌陈说利弊,君主,阚泽,11,曹操,46
正值曹操将信将疑之际，收到蔡中、蔡和的密信，证实阚泽所言是真，遂相信阚泽，让他即刻回江东配合黄盖举事,对手,曹操,0,黄盖,92
东吴三江口甘宁营帐内，阚泽又与甘宁做了一场降曹的戏，引出蔡中、蔡和说出真情，相约即日一起投曹,同僚,阚泽,7,甘宁,27
蔡中、蔡和将阚泽、甘宁相约投曹之机密书传曹操,对手,蔡中,0,曹操,44
曹操仍不全信此事是真，蒋干自荐愿往周瑜营寨探听虚实，以补上次空往东吴、寸功未立之过，曹操允之,对手,曹操,0,周瑜,44
周瑜在东吴日夜运筹火攻曹操大计，突然想到：大江之上一船着火，余船便可四散而逃，火攻威势骤减,对手,周瑜,21,曹操,35
鲁肃以此求教于名士庞统，庞统愿亲往曹营献连环计，否则火攻则无用也,同僚,鲁肃,0,庞统,27
蒋干就在此时又来到东吴，周瑜喜出望外，大叫一声：“我之成功，就在此人身上！”,对手,蒋干,0,周瑜,30
周瑜怒责蒋干盗书之罪，并借此把他送往西山庵中歇息，暗中安排他与名士庞统相见,对手,周瑜,0,蒋干,12
二人商议已定，却是各怀心事来到曹营,对手,庞统,13,曹操,40
曹操见庞统来到果然大喜，亲与庞统视察军中各寨，庞统相机处事，巧献连环计之后，又以去东吴劝众将来降为由，骗得丞相榜文，只身回东吴,君主,庞统,35,曹操,6
就在庞统逍遥自得地走下江堤，正要上船之际，突然被人一把抓住，道出庞统真意,同僚,庞统,45,徐庶,62
被识破心机的庞统回头一看，原来是进曹营一言不发的故友徐庶，方才放下心来,同僚,庞统,25,徐庶,57
徐庶向他求教脱身之计，庞统授之，二人告别,同僚,徐庶,0,庞统,21
曹操按庞统的连环计将战船锁于一处，雄伟地并排于江面上，声势甚为壮观,君主,曹操,0,庞统,16
曹操与群僚前来巡视，众僚齐声：“丞相南下，灭吴指日可待！”,对手,曹操,0,周瑜,0
曹操喜不自禁，令天下第一乐师师勖重铸钟吕，恢复古乐，于当月十五日在楼船置酒设乐，以歌舞助军威,君主,曹操,0,师勖,35
身着红袍的曹操，踌躇满志，直抒豪情，横槊赋诗，对酒作歌,对手,曹操,0,周瑜,0
诗尽歌罢，曹操酒意焕发，洋洋自得，笑问师勖，希望能得到他的赞赏，哪知师勖天性质朴，在赞誉丞相美诗之余，又直言指出诗中不祥之言,君主,曹操,0,师勖,37
由此触怒曹操，只见他大喝一声，手起一槊，刺入师勖胸口,君主,师勖,34,曹操,16
可怜一代乐师，因其真诚却不谙时务，便静静地躺在他尽心尽力为之服务的主子刀下,君主,师勖,29,曹操,57
新任水军都督毛玠、于禁请丞相阅兵,君主,毛玠,6,曹操,27
曹操看罢江面上五队连环大船排演各种阵法，兵士在连锁铁舟上，来往自如，渡江踏浪如履平地，甚为欣慰，想想伐吴指日可待，必会一举成功，面呈自得，狂傲不可一世,对手,曹操,0,周瑜,0
谋士程昱提醒丞相谨防火攻，曹操大笑，令取火具点燃,同僚,程昱,3,曹操,18
曹操说隆冬时节只有西风、北风，不会有东风、南风，所以不必忧虑，众将齐赞丞相英明,对手,曹操,0,周瑜,0
东吴水师来战，曹操先用小船去战以试军情，又用连环大船出击，得胜而归,对手,曹操,0,周瑜,11
由此更增添了曹操此番必胜的信心和傲气,对手,曹操,0,周瑜,0
周瑜与鲁肃来到观望台极目远眺，江风突起，旌旗猎猎，二人正在得意之时，突然狂风吹动大旗旗角，打在周瑜脸上，周瑜猛然回头，由呆而惊，惊急又呆，突然大叫一声倒地，口吐鲜血昏死过去,同僚,周瑜,0,鲁肃,11
鲁肃等众将愕然,同僚,鲁肃,0,周瑜,0
建安十三年（公元208年）冬十一月，孙刘联合共御曹兵，周瑜定下火攻之计，可时值隆冬季节，没有东南风，周瑜为此忧心如焚，口吐鲜血倒地,对手,周瑜,58,曹操,39
鲁肃夜访孔明，诸葛亮说公瑾的病，他能医治,同僚,鲁肃,0,诸葛亮,16
孔明来到周瑜大帐，只写了个十六字的秘方，周瑜便一跃而起,对手,诸葛亮,0,周瑜,16
孔明让周瑜建一“七星坛”，他可借三天三夜东南大风与周郎,对手,诸葛亮,0,周瑜,16
周瑜激动万分,对手,诸葛亮,0,周瑜,0
对孔明借风一事，鲁肃此番已深信不疑，一切按孔明吩咐办，诸葛亮看着忠厚的鲁肃，面呈别离难舍之情,同僚,鲁肃,24,诸葛亮,40
周瑜调兵遣将，一切布置完毕，只等东南风起,对手,周瑜,0,曹操,0
一天过去不见有风，将近黄昏，周郎心中也开始动摇,对手,周瑜,0,曹操,0
忽然东南风掀动帐幕，吴军所有战旗哗哗作响，齐齐飘回西北，周瑜骇然，一面发令攻曹，一面派丁奉、徐盛二人分水旱路直奔南屏山七星坛，见到孔明立即斩首,对手,周瑜,73,诸葛亮,112
鲁肃大惊却阻止不住,同僚,鲁肃,0,周瑜,11
丁、徐二人一路追来，在江面一尾小船上见到孔明，他身旁立着手执弓箭的赵子龙，一箭射来，丁、徐大船的篷索断开，其船自横,对手,丁奉,0,诸葛亮,40
诸葛亮回夏口之后，立即调兵遣将，配合周瑜，共图赤壁大战一举成功,盟友,诸葛亮,0,周瑜,46
然而，诸葛亮将各路兵马调拨出去，却惟独留下关羽在帐前不用,君主,诸葛亮,0,关羽,55
最后，诸葛亮派关羽去华容道截杀曹操，并让其立下军令状,君主,诸葛亮,0,关羽,22
东南风起，周瑜出兵前斩杀降将蔡和以血祭旗,对手,周瑜,0,曹操,0
黄盖率火船乘风直奔曹军水寨,对手,黄盖,0,曹操,18
曹操在战船楼台闻报江南一簇船帆隐隐而来,对手,曹操,0,黄盖,37
操笑曰：“公覆果不失信，此天助我也！”,对手,曹操,0,黄盖,19
程昱说：“来船有诈，休叫进寨,同僚,程昱,0,曹操,11
曹操闻后大悟，忙下令阻拦来船进寨,对手,曹操,0,黄盖,35
说时已迟，只见黄盖举弩放箭，下令各船点火冲寨,对手,黄盖,0,曹操,0
瞬间二十只火船撞入水寨，火趁风威，风助火势，曹寨中船只又被铁锁连环，无处逃避,对手,黄盖,0,曹操,0
曹操火中逃命，径奔乌林,对手,曹操,0,周瑜,0
正走间，前面一员大将大叫“曹贼休走，吕蒙在此”，操催军马向前，张辽断后，抵挡吕蒙,对手,曹操,27,吕蒙,54
却见前面火光又起，山谷中拥出大军“曹贼休走，凌统在此”，曹操惊得肝胆皆裂，此时徐晃等赶到，彼此混战一场,对手,曹操,61,凌统,76
赤壁之战，操如惊弓之鸟，过街之鼠，无处逃生，四面受敌,对手,曹操,11,周瑜,0
又遇赵云、张飞等将，最后在华容道遇上关羽,对手,曹操,28,关羽,58
操军个个惊魂丧胆，不敢向前,对手,曹操,0,关羽,0
操曰：“既至绝境，只好以死相拼,对手,曹操,0,关羽,0
众将曰：“马乏人困，安能再战？”,对手,曹操,0,关羽,0
程昱对操说：“云长傲上而不侮下，欺强而不凌弱，恩怨分明，信义最著,同僚,程昱,0,曹操,9
丞相旧日有恩于他，今可亲自哀告，或可脱此危难,君主,曹操,0,关羽,35
于是曹操与张辽向关羽苦苦哀求,君主,曹操,9,关羽,28
关羽是个义重如山的人，见曹军惶惶垂泪，想起旧日曹操许多恩义，张辽旧日之情，心中顿生怜心，尽皆放去,君主,关羽,0,曹操,66
关平慌忙提醒父亲，行前已立军令状，关羽默默不语，勒马回寨,父子,关羽,37,关平,6
建安十三年冬，孙、刘联合抗曹，击溃曹军八十三万，取得了赤壁大战的辉煌胜利,盟友,孙权,12,刘备,16
在夏口盛大的庆功宴上，众将面前摆着赏品，惟独关羽却面临着严厉的军法处置,君主,关羽,66,诸葛亮,0
就在关羽顺从领死之时，众将及刘备纷纷起身求情，诸葛亮方应允,君主,关羽,16,诸葛亮,71
逃至南郡的曹操惊魂初歇，痛定思痛，放声哀哭不已，大喊郭嘉，言：“若奉孝在，安能让我有如此的惨败！”,同僚,曹操,62,郭嘉,66
最后留一密计给南郡守将曹仁，率军暂回许都,同族,曹操,0,曹仁,37
周瑜乘赤壁之胜，挥师攻打南郡,对手,周瑜,0,曹操,0
与此同时，刘备与诸葛亮亦屯兵油江口,君主,刘备,16,诸葛亮,21
周瑜疑孔明有取南郡之意，便携兵问之,对手,周瑜,0,诸葛亮,15
诸葛亮授计刘备言激周瑜应下东吴取不下南郡，刘备可取的誓约,君主,诸葛亮,0,刘备,13
孤傲的周瑜一时赌气答应下来,对手,周瑜,0,诸葛亮,0
周瑜派蒋钦、丁奉、徐盛去攻打南郡，不料被曹仁所败,对手,周瑜,0,曹仁,48
派甘宁去取彝陵，又被围困在城中,同僚,甘宁,5,周瑜,0
周瑜大怒，亲统兵杀败曹军，夺了彝陵，并乘势把南郡城团团围住,对手,周瑜,0,曹仁,35
战局立刻发生逆转，情势危急之下，曹仁和曹洪忙拆开曹操留下的密计，不禁喜上眉梢,同族,曹仁,0,曹洪,18
次日拂晓，周瑜率兵攻城，连连得胜，紧追溃逃的曹仁，挥剑催马扑向南郡城门,对手,周瑜,0,曹仁,46
突然城楼上一阵梆子响，两边万箭齐发，周瑜急转马时被曹纯一箭射中左胁，惨叫一声落下马来，老将程普身中数箭，舍命救出周瑜,对手,周瑜,42,曹纯,61
程普中数箭均在表皮，周瑜中一箭却含有剧毒，顷刻面赤身烧，昏迷不醒,同僚,程普,0,周瑜,25
鲁肃暂理都督职，四处寻医问药，一面在营门高挂免战牌,同僚,鲁肃,0,周瑜,23
身体刚有好转的周瑜便设计大败曹仁，曹仁在猛将牛金的护卫下逃脱险境奔向南郡城,对手,周瑜,30,曹仁,39
可任凭怎样叫喊，南郡城门死死关闭无人应答,对手,周瑜,0,曹仁,0
吴军大队人马追至，曹仁无奈只好弃城他逃,对手,曹仁,0,周瑜,16
周瑜率兵冲至城下，城门仍紧闭不开，城上又无人，当众军顺梯将攀上女儿墙时，云梯突然被城上长木推开，向后仰倒砸下去,对手,周瑜,0,赵云,0
一阵梆声响起，城头旌旗如林，飞舞摇动，城楼闪出一员大将，却是常山赵子龙,对手,赵云,83,周瑜,0
周瑜惊得目瞪口呆，说不出话来,对手,周瑜,0,赵云,0
赵云微笑说：我奉我家军师之命，遵照都督前约，已把南郡夺了,君主,赵云,0,诸葛亮,35
周瑜大怒，喝令攻城！,对手,周瑜,0,赵云,0
赵云及众兵将满弓以对，鲁肃见状，劝周瑜先夺取荆州、襄阳,同僚,鲁肃,35,周瑜,54
周瑜依鲁肃言派将刚毕，就有探马先后来报：荆州被张飞取了；襄阳也落入刘备之手,同僚,鲁肃,13,周瑜,9
周瑜闻言面无血色，急问原由，探马将诸葛亮如何取二城经过一说，周瑜大叫一声：气死我也！仰身栽落马下,对手,周瑜,0,诸葛亮,66
南郡之战中，诸葛亮趁周瑜与曹仁厮杀苦战之际，派大将赵云智取南郡，并利用夺得之兵符，又一举袭取了荆、襄二城,对手,诸葛亮,12,周瑜,24
周瑜气急，箭疮迸裂，吐血坠马，待他从昏迷中醒来之时，立即要起兵与诸葛亮决一雌雄,对手,周瑜,0,诸葛亮,71
鲁肃考虑到如孙刘两家相拼，曹操必会乘虚而入报赤壁之仇，便自荐去荆州以道理说服刘备、孔明，周瑜只好应允,同僚,鲁肃,0,周瑜,97
鲁肃来到荆州受到刘备热诚的接待，待鲁肃理直气壮地说出荆襄之事时，却又被孔明以更充分的理由驳倒,君主,鲁肃,0,刘备,24
鲁肃只好作罢，等待刘琦公子病逝后再谈归还之事,君主,鲁肃,0,刘琦,38
刘备、诸葛亮夺取荆、襄、南郡之后，广招贤士，商议久远之计，刘备听从伊籍、马良建议，表奏公子刘琦为荆州刺史，以安民心，然后实行南征长沙、桂阳、武陵、零陵四郡，积收钱粮，以为根本的战略,君主,刘备,0,刘琦,95
诸葛亮命关羽镇守荆州，亲率张飞、赵云首先攻取零陵,君主,诸葛亮,0,关羽,13
零陵太守刘度父子听从大将邢道荣之言与诸葛亮摆开阵势,对手,刘度,0,诸葛亮,52
赵云只一箭便刺死邢道荣，刘度父子只好负荆而降,君主,赵云,0,诸葛亮,0
刘备又得一郡十分欢喜，他面对众将说，桂阳何人敢取？赵云、张飞都愿往，孔明派赵云去，张飞不服，嚷着要抓阄来定，到头还是他输了,君主,刘备,0,诸葛亮,70
张飞悻悻之时，孔明又派他去取武陵，张飞大喜，并依军师言，都立军令状出征,君主,张飞,0,诸葛亮,28
桂阳太守赵范献城与赵云，并与赵云结为兄弟,兄弟,赵范,40,赵云,47
赵范见赵云正合寡居家嫂的再婚条件，便有心成全好事，谁料却被赵云认为是乱人伦，悖纲常的错事，怒而责之,同僚,赵范,0,赵云,29
赵范之嫂闻言羞而悬梁,同族,赵范,0,赵范之嫂,0
与此同时张飞也轻易夺回武陵,君主,张飞,0,诸葛亮,0
两处战报传入荆州，关羽即上书刘备，请命攻打长沙,君主,关羽,23,刘备,28
孔明告知关羽，长沙有一员老将黄忠，有万夫不当之勇，且文韬武略无一不精，嘱其不可大意,君主,诸葛亮,0,关羽,11
关羽傲而不悦，只带五百校刀手前往,君主,关羽,0,诸葛亮,0
关羽在长沙城下一刀斩杨龄于马下，却与黄忠大战百余回合不分胜负,对手,关羽,0,黄忠,47
来日又战，关羽用拖刀计将黄忠置于死地却没有杀他,对手,关羽,0,黄忠,35
黄忠施百步穿杨之绝技射中关羽的盔缨,对手,黄忠,0,关羽,33
太守韩玄怒责黄忠通敌，将其绑缚杀场,君主,黄忠,23,韩玄,0
魏延救下黄忠，杀死韩玄，大开城门迎接关羽,同僚,魏延,0,黄忠,11
刘备、孔明入城，惟独不见黄忠，便亲去探望，见老将军仰卧于梅花丛中的石凳上，赤裸上身，白须白发散落凳下，汗巾蒙面，仰对苍天,君主,刘备,0,黄忠,62
建安十四年（公元209年），刘备、诸葛亮趁周瑜回柴桑养病，孙权兵败合肥之际，夺取了零陵、武陵、桂阳、长沙四郡,对手,刘备,28,孙权,59
正在刘备欢庆胜利之时，襄阳派人来报：公子刘琦因病身亡,君主,刘备,0,刘琦,63
东吴鲁肃得知此信后，立即渡江而来再谈归还荆州之事,同僚,鲁肃,4,诸葛亮,0
诸葛亮一反常态，说刘备乃孝景帝玄孙，理应安坐荆州，只是碍于友人之面，可写一纸文书暂借荆州，待图得立足之地再还东吴，鲁肃无奈而归,君主,诸葛亮,0,刘备,30
周瑜手指文书埋怨鲁肃又上孔明当了，鲁肃也甚为焦急，求计于周郎,同僚,鲁肃,25,周瑜,41
周瑜突生一计，以孙权之妹许嫁刘备之名，诱刘备入赘，到那时将刘备囚入狱中，再叫人去讨荆州换回刘备,对手,周瑜,0,刘备,44
鲁肃闻言喜上眉梢,同僚,鲁肃,0,周瑜,0
东吴使者前往荆州提亲，刘备想拒绝了之，谁知孔明却一口应承下来，极力劝刘备应亲,君主,诸葛亮,51,刘备,38
并派赵云、孙乾同行，临行时附耳密授赵云三个锦囊妙计，在紧要当口，照计而行,君主,诸葛亮,0,赵云,30
满面愁容的刘备怀着忐忑的心情上船，踏上东吴的地界，却不见有人迎接,君主,刘备,0,孙权,0
赵云取出第一个锦囊观看，命兵士各自披红挂彩，锣鼓喧天奔走相告：“刘皇叔来招亲了！”,君主,赵云,0,刘备,68
赵云陪刘备拜见乔国老，并送重礼,君主,赵云,0,刘备,11
乔国老将此事告知吴国太，吴国太怒责儿子孙权这么大的事都瞒着自己,母亲,孙权,44,吴国太,38
孙权只好说出周瑜之计，吴国太大骂周郎无能，乔国老劝吴国太将错就错，真招刘备为婿，以免出丑,同僚,乔国老,48,吴国太,54
吴国太提出要在甘露寺面相刘备，如中意即招为婿，如不中意任凭孙权处置,母亲,孙权,74,吴国太,0
刘备面对铜镜里自己憔悴、苍老的面容，心里越发慌乱，赵云劝刘备振作起来，应以自己的非凡气度和龙凤之姿来讨得国太的欢心,君主,赵云,47,刘备,38
国太相亲之日，孙权派吕范、贾华将刀斧手安排在后殿两侧，只听自己摔杯为号便可行事,同僚,吕范,16,孙权,15
乔国老吩咐将甘露寺装点得灯火辉煌，振作起来的刘备在灯光的辉映下显得气宇轩昂，精神焕发,同僚,乔国老,0,孙权,0
吴国太细细打量着刘备，面露喜色，准了这门亲事,母亲,孙权,0,吴国太,0
孙权的一切安排在国太的盛怒之下只好作罢,母亲,孙权,0,吴国太,12
刘备到此时方放下心来，宴饮后，刘备和孙权两个君主来到甘露寺院内砍石盟志，以述心声,对手,刘备,60,孙权,66
二人各有用心地在山坡上扬鞭大笑，飞马山谷,对手,刘备,0,孙权,7
吴国太在甘露寺决意招刘备为婿，准备择日为女儿完婚,母亲,孙权,0,吴国太,0
周瑜大惊，但事已至此，只好慢慢图之,对手,周瑜,0,刘备,27
刘备在郡府大厅举行了盛大的结婚庆典，人们欢声笑语，一派喜庆之色,配偶,刘备,0,孙夫人,0
当备与新娘步入洞房之时，见两侧站立数十个佩剑的婢女，通向卧室的壁上也皆挂满刀枪剑戟，疑为东吴设伏，不觉失色,配偶,刘备,6,孙夫人,12
后知这是夫人常令侍婢击剑为乐之故，方心安不惧,配偶,孙夫人,19,刘备,0
周瑜书呈孙权，可将刘备软困东吴，盛筑宫室以丧其志，多送美色珍玩，以娱其耳目，使其分开与关张之情，隔远与诸葛亮之契,对手,周瑜,0,刘备,22
孙权从之，令人广造宫室亭园,君主,孙权,0,周瑜,0
出身微末、奔波半生的刘备，置身温柔乡中，每日与孙夫人同出同进，游园散步，只赏珍玩美物，享尽新婚之乐，渐渐地沉浸于寝帏之内，乐不思归,配偶,刘备,36,孙夫人,45
转眼已到新春，赵云见此甚为焦急，猛然想起军师的锦囊，便拆开第二个，观后便匆匆赶往郡府惊慌地告诉刘备：“曹操要雪赤壁之恨，已率五十万精兵杀奔荆州而来，甚是危急，军师请主公速归,君主,赵云,0,诸葛亮,60
刘备将此事告知孙夫人，孙夫人瞒了孙权，骗了国太，与刘备一行匆匆离去,配偶,刘备,16,孙夫人,21
孙权知此事后十分恼怒，派陈武、潘璋率铁骑五百捉拿刘备,对手,孙权,0,刘备,56
又派蒋钦、周泰再拿自己的佩剑去追，如若不从，可取刘备和孙夫人首级,对手,孙权,0,刘备,78
刘备与赵云一行拥着鸾车赶路,君主,刘备,0,赵云,12
眼看陈、潘追赶在后，周瑜派来的丁奉、徐盛又拦在面前，危急中，赵云又打开孔明的第三个锦囊交给刘备，刘备看完，急步到孙夫人面前含泪告知险境,君主,赵云,0,诸葛亮,55
孙夫人大怒，逼退丁奉、徐盛，又怒骂陈武、潘璋，引车前行,配偶,孙夫人,0,刘备,0
待蒋钦、周泰赶来时，刘备一行已过去两个时辰了,对手,蒋钦,0,刘备,32
刘备一行来到刘郎浦，刘备眼望孙夫人，回想柔情之日，万般感慨,配偶,刘备,32,孙夫人,37
这时东吴大军铺天盖地逼了过来，赵云突然发现江面有船，过去一看原来是纶巾长袍，朗声大笑的孔明,君主,赵云,0,诸葛亮,79
诸葛亮迎接刘备、孙夫人的船驶向对岸，周瑜率水军追了过来，刘备等人靠岸上马，沿江向上游进发，周瑜、黄盖、韩当、丁奉等也上岸骑马追去，在前方不远处诸葛亮一挥手，队伍拐进山谷,对手,诸葛亮,0,周瑜,61
周瑜等紧追不舍，突然一声炮响，关羽率军涌出，周瑜一愣，又一声炮响，左黄忠、右魏延从两侧夹击而来，周瑜拨马便逃，慌忙上船，急命开船,对手,周瑜,0,关羽,48
突然刘军齐声大呼：“周郎妙计安天下，赔了夫人又折兵！”如此反复，一阵比一阵高昂,对手,周瑜,0,诸葛亮,0
周瑜羞怒非常，忽抬头，遥见刘备、孙夫人、孔明等都悠然自如地停在江边山头之上，不由怒火冲天，大吼一声，昏倒在甲板上,对手,周瑜,0,诸葛亮,60
建安十五年初，周瑜被诸葛亮伏兵击溃，怒心冲激，箭疮复发，只得退回柴桑，上书南徐，请兴兵血恨,对手,周瑜,12,诸葛亮,25
孙权不胜忿怒，欲拜程普为都督，起兵攻打荆州,君主,孙权,0,程普,23
张昭、顾雍劝谏此非攻荆州之时，不如使人去许都表奏刘备为荆州牧，结好刘备以安曹操，然后再使心腹，用反间计令曹、刘相攻，再乘隙而图之,同僚,张昭,0,顾雍,3
孙权从之，派华歆出使许都，并令张昭代他前往柴桑探望都督病情,君主,孙权,0,张昭,50
周瑜在病中抚琴，妻子小乔扶侍于旁，张昭将孙权的意图告知都督,配偶,周瑜,20,小乔,28
铜雀台建成，曹操与文武群臣于邺郡欢庆落成大典,对手,曹操,0,周瑜,0
曹氏、夏侯氏一族和异姓武将各展神奇箭术与武功，争夺曹操所赐红袍,同族,曹操,0,夏侯氏,12
最后徐晃和许褚为争红袍真打了起来,同僚,徐晃,6,许褚,11
曹操传众将上台，每人各赐蜀锦一匹,对手,曹操,0,周瑜,0
文武群臣欢宴，乐声阵阵，舞姿翩翩，一时盛况空前，曹操借众文士之赋，大展自己的豪迈胸襟,对手,曹操,0,周瑜,0
此时传来华歆前来上表之事,同僚,华歆,18,曹操,0
曹操闻言大惊失色，谋士程昱看破曹操心事，劝他表奏周瑜为南郡太守，程普为江夏太守,同僚,程昱,24,曹操,30
此两地均在刘备手中，两家一旦开战，曹操便可坐收渔利,对手,曹操,49,刘备,36
周瑜被加封之后觉得讨伐刘备师出有名，便与鲁肃商议，鲁肃说此为曹操之计，并又一次自荐再去索讨荆州,对手,周瑜,27,刘备,41
刘备闻知，求教于孔明，孔明让刘备一见鲁肃提到荆州事便放声大哭，到时孔明自会出来,君主,刘备,0,诸葛亮,31
刘备照办，鲁肃又一次被刘备、孔明真情所感，不便讨要，再次空手而回,君主,刘备,23,诸葛亮,28
周瑜见状，授计鲁肃再到荆州，假说帮助刘备取西川换回荆州，届时接应钱粮劳军；自己实则借机袭取荆州,对手,周瑜,0,刘备,46
孔明早已识破周瑜真意，仍让刘备答应下来,对手,诸葛亮,0,周瑜,18
周瑜率军来到夏口，果见糜竺来接应，告知周瑜：刘备与孔明正在荆州城门外等候，准备与都督亲自把盏,对手,周瑜,0,诸葛亮,70
周瑜甚为得意，以为这次终于瞒住了诸葛亮,对手,周瑜,0,诸葛亮,49
可当他率军行至荆州城门外时却不见一个兵士,对手,周瑜,0,诸葛亮,0
丁奉高声喊叫，只见赵云威风凛凛地出现在城头，点破周瑜的真意,君主,赵云,35,诸葛亮,0
周瑜大怒，正欲下令攻城，突然探马来报：关羽、张飞、黄忠、魏延四路军马不计其数，喊声震天地杀来，皆言要活捉周瑜！,对手,周瑜,0,诸葛亮,0
周瑜闻言怒气填胸，脸色剧变，在马上大叫一声，金疮迸裂，坠于马下,对手,周瑜,0,诸葛亮,0
吴军只好护送昏睡中的周瑜缓缓而退,对手,周瑜,0,诸葛亮,0
突然一曲《长河吟》传入周瑜耳中，他甚为诧异，举目望去，只见高岩上端坐孔明，身前摆着一架古琴,对手,周瑜,28,诸葛亮,73
两位英才四目相对，在乐曲中进行了一次心灵的碰撞，他们心里全都明白，这是一对各事其主、势不两立的知音,对手,诸葛亮,53,周瑜,0
周瑜回到巴丘，病情日益见重，他嘱托完妻子儿女之后，便让小乔代笔，虚弱地口述奏章与孙权,配偶,周瑜,52,小乔,64
江边，卫士们护着周瑜的床榻，沐浴在落日光辉的异常灿烂之中,配偶,周瑜,32,小乔,0
这一代英才，面对一琴一筝，拉着爱妻小乔的手，冲着宽阔的江面，凝望着夕阳下血红般的江水，才最后道出他对孔明的真情实想，连叫数声“既生瑜，何生亮？”而亡,对手,周瑜,93,诸葛亮,103
建安十五年（公元210年）春，东吴大都督周瑜病故巴丘,对手,周瑜,28,诸葛亮,0
噩耗传来，江东上下一片震惊，吴主孙权悲恸中采纳了周瑜临终建议，任命一贯主张联刘抗曹的鲁肃继任大都督之职，并将周瑜灵柩移柴桑停灵七日，然后举行大典殡葬,君主,孙权,34,周瑜,58
诸葛亮得知此讯，也怆然涕下，赵云不解，孔明道出对周瑜的高度评价，并从联吴抗曹大计出发，决意冒险过江祭奠公瑾,对手,诸葛亮,0,周瑜,94
赵云愿为军师护卫,君主,赵云,0,诸葛亮,12
柴桑周瑜灵堂，孙权告知鲁肃：曹操知周郎去世，听从程昱之计，正要亲率大军三十万南下报赤壁之仇,对手,孙权,34,曹操,42
鲁肃说周瑜之死使东吴众将都转恨于刘备、诸葛亮，纷纷都欲征讨，若此时孙刘反目，曹操必会乘虚而至,同僚,鲁肃,0,周瑜,12
孙权内心十分矛盾，一时拿不定主意，此时侍卫禀报，诸葛亮率赵云及五百军士过江吊孝来了，二人大惊,对手,孙权,0,诸葛亮,78
鲁肃请诸葛瑾星夜迎截孔明，务必劝其回去，以免大祸,同僚,鲁肃,0,诸葛瑾,11
孔明执意不听其兄劝阻，仍奔柴桑而来,兄弟,诸葛亮,16,诸葛瑾,25
副都督程普、甘宁等东吴众将认为是孔明气死周郎，对其恨入骨髓，听得此讯，纷纷调兵遣将，准备见到孔明，一刀杀死，再奏孙权,同僚,程普,3,甘宁,7
祭奠开始，灵堂内外一片哭声，隆重的葬仪极其悲壮,对手,诸葛亮,0,周瑜,0
众将得知孔明要来的消息都在悄悄议论，程普、甘宁走上台阶两侧，脸呈严峻，孙权、鲁肃此时也不知该如何办,同僚,程普,24,甘宁,27
人们的神情顿时紧张起来,对手,诸葛亮,0,周瑜,0
突然，身着白衣的诸葛亮跌跌撞撞地冲进大门，悲切地高声呼喊：公瑾，亮来祭你了！,对手,诸葛亮,41,周瑜,57
程普一声吼，甘宁猛然抽出宝剑刺向孔明，众将也眼露杀机，赵云抢步上前夺下甘宁的剑，众将正欲再战，被鲁肃止住,同僚,程普,0,甘宁,15
诸葛亮奔至灵前，扑通跪倒，哭诉祭文，其声之哀，其情之真，深深打动了文武百官和小乔子女,对手,诸葛亮,0,周瑜,0
小乔夫人按公瑾遗嘱将其佩剑赠与鲁肃，又转身望着孔明说：公瑾临终表奏鲁肃替代其职，意在孙刘交好以抗曹操,配偶,小乔,0,周瑜,21
诸葛亮闻之激动不已，大声疾呼：公瑾——真知我诸葛亮者也！,对手,诸葛亮,60,周瑜,71
诸葛亮在归去时路遇庞统，邀其过江共扶刘备以成大业,同僚,诸葛亮,0,庞统,27
庞统从之,君主,庞统,0,诸葛亮,0
孔明手书一封，让其去荆州将信交与刘备，必当重用,君主,诸葛亮,0,刘备,54
庞统来见刘备，并不拿出书信，刘备也如孙权一样，见庞统貌陋，不甚看重，只委他去耒阳作一县令,君主,庞统,0,刘备,11
庞统受了冷落，到任之后整日喝酒，拒不理事，耒阳百姓忙告到刘备处，刘备大怒，令张飞、孙乾同去查办,君主,庞统,0,刘备,70
庞统有心显露才干，在张飞面前升堂审案，只见他目审状纸，耳听陈述，手批判决，不到半日将百日积案尽皆断完，无一差错,君主,庞统,0,张飞,35
张飞惊其大才，告知刘备,君主,张飞,0,刘备,21
刘备深责自己屈才之过，重用庞统，拜其为副军师、中郎将,君主,刘备,0,庞统,44
建安十五年（公元210年），东吴都督周瑜死后，曹操想借机集结三十万大军南征东吴，但他又惧西凉马腾乘虚来袭许都，便假意降诏，加封马腾为征南将军，讨伐孙权，诱马腾进京而除之,对手,曹操,28,马腾,80
马腾明知曹操有诈，但若不往，操便有了口实，可假借天子之命加害马家,对手,马腾,0,曹操,16
马腾便带其子马休、马铁与从子马岱同往，见机行事,父亲,马腾,11,马休,21
在许昌城外，马腾与侍郎黄奎定下除曹之计，然而由于黄奎口风不严，致使马腾招来杀身之祸，同来三子只有马岱一人逃脱,父亲,马腾,63,马岱,95
马超知其父惨遭杀害，愤怒异常，尽起羌兵杀奔许昌，向曹操问罪,父亲,马超,4,马腾,14
两军阵前，马超勇战三将，曹操大败，伏鞍落荒而逃,对手,马超,13,曹操,33
马超率兵紧紧追赶，连声高喊捉拿红袍长须的曹操,对手,马超,0,曹操,52
惊慌中曹操只好割须弃袍，用旗角裹脖，袍袖遮面，仓皇逃命,对手,曹操,0,马超,0
就在马超欲掷枪刺杀曹操之际，曹洪赶到迎战马超，救了曹操,同族,曹操,61,曹洪,46
为避马超锐气，曹操高挂免战牌,对手,曹操,0,马超,19
西凉太守韩遂亲率十万大军增援马超，曹操闻之仰面大笑,盟友,韩遂,11,马超,34
徐晃已知曹操之意，献计派精兵袭击河西，待事成之后两边夹击马超,同僚,徐晃,0,曹操,13
为防马超，曹操令军士筑沙城，谁知一夜大风，城池便无影踪,对手,曹操,13,马超,18
马超、韩遂见曹操几番惨败，现在又无屏障可依，准备全力以赴，明日一战，以求大获全胜,对手,马超,0,曹操,17
待马超催军喊声震天地杀来时，在空旷的地面上却奇迹般地出现了一座并不高大，然而却十分坚固的冰冻沙城,对手,马超,0,曹操,0
马超只好在城前与曹操摆开阵势厮杀,对手,马超,0,曹操,24
素有“虎痴”之称的许褚迎战马超，二人打得极为激烈,对手,许褚,21,马超,33
曹操渡渭河失利，幸得“虎痴”许褚保驾，逃往南岸扎营,同僚,许褚,37,曹操,0
曹操叹道：“马超不减吕布当年之勇，破超只可用计智取。”,对手,曹操,0,马超,25
此时传来徐晃已在河西下营扎寨的消息，马超震惊，曹操大喜,对手,马超,55,曹操,63
谋士贾诩又献计，巧使反间计使韩遂、马超相疑，马超果然中计，迁怒于韩遂，使韩遂倒戈，欲生擒马超，反被马超砍断手臂,对手,马超,83,韩遂,71
马超也在曹操的重兵包围之中全线溃败，最后只与庞德、马岱突出重围，望陇西而逃,同族,马超,51,马岱,61
曹操剿灭羌军，除了心头大患，更加洋洋自得,对手,曹操,0,马超,0
献帝排銮驾出郭相迎，并宣诏：“曹丞相功在国家，皇上特敕，赞拜不名，入朝不趋，剑履上殿。”,君主,献帝,0,曹操,27
建安十六年（公元211年），曹操大破西凉马超，汉中震动,对手,曹操,16,马超,31
张鲁惧怕曹操兵伐汉中，遂想起兵攻取西川作为立足之本，以抗曹操,对手,张鲁,0,曹操,13
西川益州牧刘璋软弱无能，别驾张松早已对其不满，久欲另投明主，遂趁此机会自告奋勇出使许都，明为刘璋游说曹操，使之兵伐张鲁，实则想趁此实现其夙愿,君主,张松,26,刘璋,19
谁知曹操嫌他貌陋高傲，口出狂言，不予理睬,君主,张松,32,曹操,9
虽经主簿杨修的再三推荐，但最后张松终因言语冒犯了曹操，被其乱棍打出,同僚,杨修,12,曹操,56
张松欲投曹操被冷落，无精打采地看着自己精心绘制准备献与曹操的西川地形图，踏上回西川之路,君主,张松,0,曹操,11
张松出使许都之初，就一直被久欲取西川为立足之地的诸葛亮、庞统密切关注着,对手,诸葛亮,73,张松,0
张松行至岔路口，想自己行前曾在刘璋面前夸下海口必能说动曹操，以绝张鲁犯川之患,君主,张松,0,刘璋,39
久闻荆州刘玄德颇有仁义之名，不如绕路看看他们那里如何？,君主,张松,0,刘备,23
消息传到荆州之后，孔明先派赵云率队前往大路迎候张松，进奉酒食；又派关云长率整齐壮观的仪仗队在城外十里长亭恭候；自己与刘备、庞统亲到仪仗队前方迎接张松,君主,诸葛亮,0,张松,55
张松受到如此盛情款待，非常激动，可几次欲谈西川之事都被刘备用言语岔开，并只字不提西川,君主,张松,0,刘备,58
庞统在旁急得几次将话挑明，也都被刘备挡过,同僚,庞统,0,刘备,40
只有孔明在旁观察不语,君主,诸葛亮,0,刘备,0
张松次日即将回川，可刘备仍只字未提西川，张松凝望窗外夜空，百思不得其解，遂决定明日分别时再观察刘备情真与否，再最后决定是否献图,君主,张松,0,刘备,31
城外大道旁，秋风冽冽,君主,张松,0,刘备,0
刘备率队与张松道别，泪眼涟涟,君主,刘备,0,张松,19
张松深感其情真意切，又一次话引西川，刘备仍佯作不觉,君主,张松,0,刘备,39
最后张松再也沉不住了，主动拿出地图并言明献西川之事，刘备此时才拱手施礼，郑重接过地图,君主,张松,0,刘备,55
孔明、庞统会心而笑,同僚,诸葛亮,0,庞统,7
张松回成都后，劝刘璋请备入川，遭到黄权、王累等人的反对,君主,张松,0,刘璋,16
刘璋最终采纳张松的建议，派法正为使请刘备入川，再派孟达率兵五千前往迎接,君主,刘璋,0,刘备,40
建安十六年冬，刘备在孔明、庞统、法正的劝说下，留孔明、关、张、赵镇守荆州，自与庞统、黄忠、魏延、刘封、关平诸将率五万大军从荆州出发，开赴西川,君主,刘备,0,诸葛亮,31
建安十六年（公元211年）冬，益州牧刘璋请刘备入川，助其抵御张鲁,君主,刘璋,20,刘备,27
主簿黄权、从事王累苦谏刘璋，不能让刘备入川，免生后患,同僚,黄权,3,王累,9
刘璋不听劝阻，亲自赶到涪城迎接刘备,君主,刘璋,0,刘备,38
刘备请诸葛亮与关羽、张飞、赵云镇守荆州，自与庞统率大军随刘璋入川,君主,刘备,0,诸葛亮,13
庞统见刘璋力弱，日后必被张鲁吞并，遂和法正劝刘备在宴席间除掉刘璋，夺得西川，再图大业,君主,庞统,0,刘备,55
刘备以为：初入蜀中，威信未立，怎能趁人之危，行此不义之举，未予采纳,君主,刘备,0,刘璋,49
然而，庞统和法正却私下作主，令魏延登堂舞剑，乘势刺杀刘璋,君主,庞统,9,刘璋,54
刘璋及其手下诸将见魏延舞剑筵前，又见阶下武士手按刀把，虎视堂上，觉察有变，从事张任挥剑与魏对舞，一时双方刀剑相峙,君主,刘璋,0,魏延,38
刘备见状大惊，扶剑立于席前厉声制止,君主,刘备,0,魏延,0
刘璋见刘备如此仁义，深为感动,君主,刘璋,0,刘备,15
孙权得知刘备入川，想趁机夺取荆州，他用张昭之计，欲诓孙夫人带阿斗返吴，再以阿斗为人质，逼刘备交出荆州,对手,孙权,0,刘备,20
他派周善扮作商客，率五百兵士暗往荆州，对孙夫人谎称吴国太病危，日夜思念夫人，并想见阿斗，特接夫人回吴省亲,同僚,周善,5,孙权,0
孙夫人未辨真伪，匆匆携阿斗登船,配偶,孙夫人,0,刘备,0
赵云闻报，带四、五骑沿江追赶，呼叫停船,君主,赵云,0,孙夫人,0
周善不理，云乘小舟赶上，跳上大船，问孙夫人：“欲往何处，为何不告知军师？”,君主,赵云,0,孙夫人,54
孙夫人以母病危为由，来不及禀报,配偶,孙夫人,0,刘备,0
云要孙夫人留下阿斗，孙夫人不允，云乃夺过阿斗，他欲上岸，苦无帮手，想动武又恐失礼，进退不得,君主,赵云,0,孙夫人,22
孙夫人喝令侍婢夺过阿斗，赵云一手抱幼主，一手持剑，众人不敢上前,君主,孙夫人,0,赵云,31
周善放船下水，船顺水而流，赵云无法上岸，正在危急之中忽听鼓声，见江边芦苇荡中闪出船只,同僚,周善,0,孙夫人,0
云以为中了东吴之计，只见船头一员大将手持长矛高声呼喊：“嫂嫂留下侄儿！”原来是张飞巡哨，得知消息率船队堵截大船,兄弟,张飞,86,刘备,0
他杀死周善,同僚,张飞,0,周善,8
孙夫人威胁张飞：“你若不放我回去，我情愿投江而死。”,配偶,孙夫人,0,刘备,0
张飞和赵云无奈，只好放孙夫人归吴，抱着阿斗返回荆州，此时，诸葛亮已引大队船只在江边迎接,兄弟,张飞,0,赵云,11
建安十七年（公元212年），刘备率大军入西川，驻守葭萌关,君主,刘备,24,刘璋,0
他一面安抚民心，一面致书刘璋，假称曹操进攻孙权，孙权求救，自己要带兵回荆州援助，要求刘璋借军粮十万斛、兵马三、四万,君主,刘备,0,刘璋,54
刘璋在黄权等人劝阻下，回书表示只能借粮一万斛和两三千老弱病卒,君主,刘璋,0,刘备,0
刘备见信大怒，他取庞统之策，先夺涪城,君主,刘备,0,庞统,27
涪城乃通往成都之咽喉，又是去荆州必经之路，现由刘璋部下杨怀、高沛二将把守,同僚,杨怀,38,高沛,41
刘备先派人送书信，佯称要回荆州，路经其地，约二人出关相送，想乘机杀之，夺下涪城，再克雒城，后取成都,君主,刘备,0,杨怀,57
张松献图回川后，忽闻刘备要回荆州，他信以为真，急致书刘备，要他“速发兵入川取益州，松为内应”,君主,张松,0,刘备,44
不料此信被其兄张肃拾到，张肃怕受牵连，将信呈报刘璋,兄弟,张松,18,张肃,24
刘璋将张松全家斩首，并下令各处关隘增兵添将，严加防范，不许放荆州一人一骑入关，并派大将张任拒守雒城,君主,刘璋,0,张松,11
军师庞统设计将涪关守将杨怀、高沛杀死，夺了涪城，准备进取雒城,君主,庞统,0,杨怀,25
出发前，诸葛亮从荆州特派马良送书信给刘备，提醒刘备和庞统：“切宜谨慎，不可轻率进兵。”,君主,诸葛亮,0,刘备,38
庞统取川心急，又疑诸葛亮忌他独成大功,同僚,庞统,0,诸葛亮,32
刘备在庞统再三催促下，决定引军前进，他和庞统兵分两路，刘备走大路取雒城东门；庞统走小路取雒城西门,君主,刘备,0,庞统,39
出发前，庞统坐骑忽失前蹄，刘备将自己的白马与庞统更换,君主,刘备,44,庞统,27
庞统率兵行至山间小路，忽见两山逼窄，树木丛杂，庞统心中生疑，勒住马问：“此处是何地？”,君主,庞统,0,诸葛亮,0
新降军士指道：“此处地名落凤坡,君主,庞统,0,诸葛亮,0
庞统心惊，急令退军,君主,庞统,0,诸葛亮,0
蜀将张任引军，早已埋伏在两边，他放过魏延，误以为庞统是刘备，一声令下，箭如飞蝗，只向骑白马者射杀,对手,张任,0,庞统,42
可怜庞统死于乱箭之下，时仅卅六岁,君主,庞统,0,诸葛亮,0
诸葛亮命张飞率军从大路入川，先取巴郡，自己和赵云带兵马从水路入川，在雒城会合，谁先到谁为头功，并告诫张飞：四川豪杰甚多，不可轻敌，要收服人心，严明军纪，不要鞭打士卒,君主,诸葛亮,0,张飞,13
张飞遵照军师指令进军，沿途守将望风而降，来到巴郡，太守严颜却闭关坚守，拒不投降，张飞屡次挑战，均被乱箭射回,对手,张飞,0,严颜,66
张飞急中生智，想出一计，令军士四散上山砍打柴草，寻觅路径,对手,张飞,0,严颜,0
严颜在城中几日不见张飞动静，心生疑惑，得知此情后，也派数名小卒扮作张飞砍柴军士，混入其中,对手,严颜,0,张飞,35
张飞故意当众宣布，当夜要从一条小路偷过巴郡，去取雒城；而暗中却安排一名军士假扮自己在前开路,对手,张飞,0,严颜,46
严颜闻报大喜，他想截击张飞粮草辎重，引兵伏于路旁树丛之中，当假张飞过后，严颜引伏兵杀出，正要抢夺车仗时，不料背后一声锣响，冲出真张飞，严颜惊呆，举手无措，被张飞生擒,对手,严颜,0,张飞,104
张飞夺了巴郡，出榜安民,君主,张飞,0,严颜,0
众刀手将严颜推出，飞坐于厅上，严颜不肯跪下，张飞怒喝：“你这老朽，怎敢顽抗？”,君主,张飞,34,严颜,28
严颜毫无惧色，向张飞破口大骂,君主,严颜,0,张飞,24
张飞大怒，喝左右斩首，严颜面不改色，叫道：“要杀便杀，要砍便砍！西川只有断头将军，没有屈膝之辈！”,君主,张飞,0,严颜,45
张飞见严颜慷慨忠义，视死如归，甚敬之，亲解其缚，扶严颜正中高坐，低头便拜,君主,张飞,0,严颜,35
严颜感其恩义，乃降,君主,严颜,0,张飞,11
飞以严为前部，顺利到达雒城,君主,张飞,0,严颜,8
刘备攻克雒城，直逼绵竹，刘璋孤军无援，不得不求救于宿敌张鲁,君主,刘备,0,刘璋,23
曹操曾用反间计大败西凉军马，马超败走后复仇心切，虽得羌人相助，威风一时，但终因人少势孤，又轻信降将，在败退冀城时，妻儿均被杀害，无奈投奔汉中张鲁,对手,曹操,0,马超,31
张鲁派马超攻葭萌关，牵制刘备，以救刘璋,君主,张鲁,0,马超,11
诸葛亮用计激张飞前往迎敌，刘备亦亲往督战,君主,诸葛亮,0,张飞,20
马超挑战，张飞挺矛相迎，他早想会会这员虎将,对手,马超,0,张飞,15
两人在关前激战百余回合，不分胜负,对手,马超,0,张飞,13
刘备在关上观战，见马超装束非凡，英勇无比，他怕张飞有失，鸣金收兵,君主,刘备,0,张飞,71
张飞回到阵中不用头盔，只裹包巾上马出阵，再与马超厮杀，两人又战百余回合，仍不分胜负，刘备再次鸣金收兵,对手,张飞,0,马超,54
此时，天色已晚，刘备说：“马超英勇，不可轻敌，且退上关，来日再战。”,君主,刘备,0,马超,30
张飞杀得性起，他大叫：“命军士多点火把，安排夜战。”,对手,张飞,0,马超,0
马超换了战马再出阵前，大叫道：“张飞，汝敢否夜战？若有胆量就点起火把，今夜决一雌雄！”,对手,马超,0,张飞,36
张飞立即换了坐骑，冲出阵来，叫道：“莫非还怕汝不成？点火把,对手,张飞,0,马超,33
马超，今日我捉汝不得，誓不回关。”,对手,马超,0,张飞,0
马超道：“张翼德，今日我杀汝不得，誓不回营。”,对手,马超,0,张飞,20
两军点起千百火把，二将各振威风,对手,马超,0,张飞,23
刘备喜超之勇，有意收下马超这员虎将，他用诸葛亮之计，派孙乾带金帛与张鲁手下谋士杨松结交，再进书张鲁，使张鲁下令马超撤兵，又派李恢说降马超,君主,刘备,0,马超,17
刘备终于收了马超，进而逼近成都，刘璋被迫开城投降,君主,刘备,0,刘璋,43
刘备将刘璋安置在公安，自领益州牧，为三分天下之一的蜀国奠定了基础,君主,刘备,0,刘璋,11
刘备得了西川，孙权欲索还荆州，按张昭之计，将诸葛瑾老小虚监在府，同时修书命诸葛瑾去西川向刘备讨还荆州,同僚,张昭,27,孙权,12
刘备和诸葛亮商定，假意答应先还长沙、零陵、桂阳三郡,君主,刘备,0,诸葛亮,11
诸葛瑾到荆州请关羽交割三郡，却遭严辞拒绝，悻悻而归,同僚,诸葛瑾,0,关羽,23
孙权责怪鲁肃当初不该作保，将荆州借与刘备,同僚,孙权,0,鲁肃,11
鲁肃情急定计，屯兵陆口，请关羽过江赴会，在临江亭设下埋伏，欲逼关羽交还荆州；如关羽不赴约，即进兵夺取荆州,对手,鲁肃,0,关羽,39
关羽识破其计，毫不惧怕，独驾小舟，只带周仓和几名亲随，单刀赴会,对手,关羽,0,鲁肃,13
他命关平率船队在大江上等候，见红旗起，便过江接应,父子,关羽,11,关平,16
使者回报鲁肃：关云长慨然应允，来日准到临江亭相会,对手,关羽,22,鲁肃,10
鲁肃令吕蒙和甘宁各领一军，在岸埋伏，伺关云长兵马到，以炮声为号，一齐杀出；若关羽无兵马前来，只在庭后埋伏刀斧手，听子敬摔杯为号，于席前杀之,同僚,吕蒙,11,甘宁,16
次日，关羽过江,对手,关羽,0,鲁肃,0
席间，鲁肃提起还荆州之事，关羽答道：“当年赤壁鏖兵，我兄刘皇叔亲冒矢石，诸葛军师全力以赴与吴共同破曹，其功甚伟，岂能徒劳而无功,君主,关羽,35,刘备,64
“况荆州本刘表所有，我兄理当承受汉家基业,兄弟,关羽,0,刘备,36
鲁肃反驳无力，刚要站起摔杯，周仓急上前厉声对鲁肃道：“天下土地，唯有德者居之，难道只有东吴能够据有？”,同僚,周仓,0,关羽,0
关羽趁势夺过周仓手中大刀，故意怒斥周仓：“此乃国家大事，尔怎敢多言，还不速去！”,君主,关羽,0,周仓,32
关以目暗示周仓，周仓会意，奔向江岸，舞动红旗，关平船队急驶而来,君主,关羽,0,周仓,18
此时，关羽右手提刀，左手攥住鲁肃握杯的右手腕，假装酒醉，拉着鲁肃直到江边,对手,关羽,0,鲁肃,45
东吴将士眼看鲁都督被关羽扯出亭门，皆不敢动手,对手,关羽,20,鲁肃,27
关羽上船后，关平的接应船队已到，鲁肃只好呆呆看着关云长乘风而去,对手,关羽,0,鲁肃,42
关云长以非凡的胆识，挫败了东吴索取荆州的计谋,对手,关羽,0,孙权,30
孙权闻报大怒，欲起倾国之兵，来取荆州，忽接探报：“曹操又率三十万大军来犯。”,对手,孙权,0,曹操,71
孙权只得移兵合肥、濡须，以拒曹操,对手,孙权,0,曹操,38
建安二十年（公元215年），曹操领兵西征得汉中，收服张鲁，占领东川,对手,曹操,0,张鲁,38
诸葛亮为防曹军进犯西川，与刘备定计将江夏、长沙、桂阳三郡归还孙权，并派能言之士说明利害，令孙权起兵袭合肥，使曹操勒兵南向,君主,诸葛亮,0,刘备,26
孙权亲领十万大军进逼合肥，曹操大将张辽、李典、乐进镇守合肥,对手,孙权,0,曹操,36
张辽接曹操密书，让李典在逍遥津设下埋伏，待孙权兵马越过小师桥，立即将桥拆除,同僚,张辽,0,李典,23
命乐进与敌交战，佯作败退，待敌兵回返时，立即追击,同僚,乐进,5,张辽,0
吴军前队吕蒙、甘宁行至逍遥津，乐进迎战，诈败而走,同僚,吕蒙,8,甘宁,11
吕、甘引军追赶，孙权率中军随之也进入逍遥津北岸，刚过了桥，突然一阵呐喊，张辽、李典从两边杀出，孙权大惊失色，身边仅凌统所率三百余骑，凌统忙呼孙权：“主公往回走，快过小师桥。”自己急迎上前与张辽、李典交战,对手,孙权,95,张辽,117
孙权刚要上桥，发现桥头已被拆断丈余，孙权惊得手足无措，谷利大呼：“主公先将马后退，再放马向前，跃过桥去！”,同僚,谷利,0,孙权,47
孙权回马三丈余远，然后纵辔加鞭，马凌空跃过断桥，奔向南岸，徐盛驾舟相迎,同僚,徐盛,0,孙权,0
凌统所率三百余人尽被曹军所杀，凌统身中数枪绕河而逃,同僚,凌统,0,孙权,0
吕蒙、甘宁引军回救，被曹军前后夹攻，也败逃而去,同僚,吕蒙,0,甘宁,3
张辽威震逍遥津，孙权险被生擒，退回濡须口整顿船只，调集兵马，再犯合肥,对手,张辽,0,孙权,22
曹操自汉中率四十万大军援救合肥，与孙权相拒濡须,对手,曹操,0,孙权,40
张昭献策：“曹操远来，必须挫其锐气。”,同僚,张昭,0,孙权,13
吴将甘宁愿率百骑夜劫曹营，孙权拨予一百名精锐骑兵，并赐酒五十瓶，羊肉五十斤,君主,甘宁,6,孙权,30
甘宁命百人列坐，共同饮酒，准备劫营,君主,甘宁,0,孙权,0
甘宁激励将士要勇敢向前，众人却面有难色，甘宁怒道：“我为上将，且不惜性命，汝等难道还怕死不成。”,君主,甘宁,0,孙权,0
众人皆表示愿效死力,君主,甘宁,0,孙权,0
约至二更时分，百人于盔上插白鹅翎为号，披甲上马，飞奔曹营，直冲曹操中军,对手,甘宁,0,曹操,65
因被车仗挡住，甘宁率百骑在寨中纵横冲杀，无人敢挡，曹军不知虚实，自相扰乱，甘宁所率百骑自曹营南门杀出，凯旋而归，未折一人一骑,对手,甘宁,0,曹操,57
孙权大喜，亲到营门迎接，奖绢千匹、利刀百口，并对众将道：“曹操有张辽，孤有甘兴霸，足以相敌也,君主,孙权,0,甘宁,31
曹操率大军分五路杀奔濡须江边，两军混战，孙权亲自与周泰引军前往助战，孙权身陷重围，幸而有周泰舍命掩护，方才得救,同僚,周泰,0,孙权,52
周泰身中数十枪，伤痕累累,同僚,周泰,0,孙权,0
曹操与孙权的合肥大战，以孙权求和，双方各守原来疆界而告结束,对手,曹操,0,孙权,9
建安二十一年（公元216年），汉献帝被迫册封曹操为魏王，曹出入用天子车服銮仪，建造王宫，并议立世子，日后承袭王位,君主,献帝,13,曹操,28
曹操有四子，长子丕、次子彰、三子植、四子熊,父亲,曹操,0,曹丕,20
因曹植文才出众，举笔成章，甚受曹操喜爱,父亲,曹操,34,曹植,7
曹丕深知自己才能不及三弟，恐不得立为世子，便买通曹操身边近侍，常在操面前言丕之德,兄弟,曹丕,0,曹植,26
一日，曹丕特制一盒酥送父王，以表孝心，曹操在盒上写了“一合酥”三字，主簿杨修看后与众人品尝，曹操问其故，杨修答道：“大王明令在此，‘一人一口酥’，岂敢违抗大王之命？”,同僚,杨修,62,曹操,76
曹操表面喜笑，内心甚恶杨修,君主,曹操,0,杨修,28
曹操与众臣商议想立曹植为世子，曹丕知后，密请朝歌长吴质入府商议对策，因恐被人发觉，便将吴藏于大簏之内，覆以绢匹运至府中,兄弟,曹丕,35,曹植,27
杨修向曹操告密，操令人在丕府外盘查,同僚,杨修,0,曹操,15
曹丕求救贾诩，诩让曹丕于次日用大簏再装绢送入府中,同僚,贾诩,11,曹丕,9
使者搜看簏中果然尽是绢匹，未查出破绽，乃回报曹操,君主,使者,0,曹操,38
操因此怀疑杨修有意加害曹丕，更加憎恨杨修,君主,曹操,0,杨修,30
曹植很爱杨修之才，常邀其进府谈论，终夜不息,同僚,曹植,0,杨修,14
杨修为曹植作《答教十条》，以应曹操考问,同僚,杨修,0,曹植,10
曹操常以军国之事问曹植，曹植便按条对答如流，曹操对此有些疑惑，曹丕趁机暗地买通曹植左右，将杨修为植写的《答教十条》偷来呈与曹操，操阅后大怒,父亲,曹操,0,曹植,19
曹操命曹植为监军，与曹洪同去汉中，于次日卯时统兵起程,父亲,曹操,0,曹植,11
当晚，曹丕约植来府饮酒，为其饯行，使植酒醉误期，曹操只好让曹洪自去汉中,兄弟,曹丕,0,曹植,14
凡此种种，使曹操对立嗣之事踌躇不定，便问贾诩：“孤欲立后嗣，当立谁？”,君主,曹操,0,贾诩,61
贾诩先不答，后对操言道：“思起袁本初、刘景升立幼子为嗣，兄弟相攻之事。”,同僚,贾诩,0,曹操,33
曹操听后，大笑：“卿真乃策谋深远之士也！”,君主,曹操,0,贾诩,25
遂立长子曹丕为世子,父亲,曹操,12,曹丕,20
刘备夺得西川后，依孔明之策，命张飞、马超分头屯兵巴西、下辨，欲取汉中,君主,刘备,0,诸葛亮,22
曹操恐夏侯渊、张郃力薄有失，为保汉中，派曹洪领兵五万，往援张郃、夏侯渊，同守东川,同僚,夏侯渊,31,张郃,28
张郃轻视张飞，请领兵马攻取巴西，打开蜀郡门户,对手,张郃,0,张飞,11
首战即被击败，乃退兵宕渠山，坚守不出,对手,张郃,0,张飞,0
张飞命军士每日在山前摆酒，与众将边饮边骂，诱引张郃出战,对手,张飞,0,张郃,50
张郃在宕渠山上闻知张飞狂饮作乐，便连夜前往偷营,对手,张郃,0,张飞,32
他见“张飞”端坐大帐，忙用枪刺，不料刺中的却是草人，张郃急拨马出帐，张飞已到面前，郃大惊，仓皇应战，不敌，拨马而逃,对手,张郃,0,张飞,71
与此同时，他据守的蒙头、荡石两个山寨已被魏延、雷铜占领,同僚,魏延,55,雷铜,58
张郃向曹洪求援不成，只得退守瓦口关,同僚,张郃,0,曹洪,11
他用埋伏之计，诱杀了雷铜,同僚,张郃,0,雷铜,28
张飞与魏延决定将计就计，由张飞出战张郃，魏延杀散伏兵，放火烧之,对手,张飞,0,张郃,46
张郃大败，逃回瓦口关，坚守不出,对手,张郃,0,张飞,0
张飞从百姓口中得知有一条小路可通瓦口关，他命魏延引兵从正面攻关，他亲率五百轻骑，由百姓带路，从梓潼山直上瓦口关背后,君主,张飞,0,魏延,52
张郃前后受敌，急往小路而走，张飞在后紧追，山道狭窄，张郃只得弃马步行，逃回南郑,对手,张郃,0,张飞,43
曹洪命他攻打葭萌关,同僚,曹洪,0,张郃,8
正当刘备庆贺张飞智夺瓦口关时，葭萌关守将霍峻来书告急，孔明用激将法，使老将黄忠出战，严颜同往，他们合力杀退张郃,君主,诸葛亮,46,黄忠,59
黄忠用骄兵之计，一连收复三个营寨，还收缴了大批粮草、辎重和兵器，诱使曹将韩浩、夏侯尚孤军深入，并夺得曹军屯粮之地天荡山,对手,黄忠,0,张郃,0
张郃逃往定军山，投奔夏侯渊,同僚,张郃,0,夏侯渊,22
建安二十三年（公元218年）秋季，刘备亲统大军十万，以诸葛亮为军师，张飞、赵云为先锋，取道葭萌关，征讨汉中,君主,刘备,0,诸葛亮,48
南郑守将曹洪闻讯，星夜急往许都禀报曹操，操自领四十万大军前往南郑迎敌,同僚,曹洪,0,曹操,44
定军山是南郑屏障，又是曹军积聚粮草之地，刘备决定先取定军山,君主,刘备,0,夏侯渊,0
诸葛亮再激老将黄忠出战，派法正相助,君主,诸葛亮,0,黄忠,20
镇守定军山之魏将夏侯渊坚决不出战，法正定计，步步为营，诱其下山,对手,夏侯渊,0,黄忠,0
黄忠率军逼到定军山下，并连夜夺取了定军山西面一座高山,对手,黄忠,0,夏侯渊,0
法正又提出“以逸待劳”之计，让黄忠驻扎于半山，法正则在山顶观察动静，以旗为号,同僚,法正,0,黄忠,37
夏侯渊见蜀军夺了对山，以俯视定军山之虚实，大怒,对手,夏侯渊,0,黄忠,20
他不听张郃劝阻，亲自率军围住对山，在山下大骂挑战,同僚,夏侯渊,0,张郃,11
法正在山上举白旗，黄忠按兵不动,同僚,法正,0,黄忠,22
午时过后，魏军锐气已堕，纷纷下马休息，法正立即将白旗放倒，竖起红旗,同僚,法正,0,黄忠,0
养精蓄锐多时的黄忠提刀上马，杀下山去,对手,黄忠,0,夏侯渊,0
夏侯渊未及上马相迎，宝刀已落，被黄忠连头带肩劈为两半，曹兵大败,对手,黄忠,33,夏侯渊,22
黄忠乘胜夺了定军山，被封为镇西将军,君主,黄忠,0,刘备,0
曹操亲统大军，为夏侯渊报仇，令张郃将米仓山粮草移屯北山，以备军需,同族,曹操,25,夏侯渊,30
诸葛亮闻报，派黄忠、赵云前往深入其境，烧其粮草，夺其辎重,君主,诸葛亮,0,黄忠,22
行前，赵云与老将军约定：“以明日午时为期，如将军按时而还，云将按兵不动，若过午不还，云即引军接应。”,同僚,赵云,0,黄忠,30
黄忠率军到粮仓，杀散守军，正要放火烧粮，张郃兵到，曹操又令徐晃率一支人马赶来，将黄忠困在重围之中,对手,黄忠,0,张郃,56
赵云在营中看看午时已过，不见老将军回，即令副将张翼坚守营寨，自引三千人马前往接应,同僚,赵云,0,黄忠,42
他横冲直撞，如入无人之地，救出了黄忠，杀回本寨,同僚,赵云,0,黄忠,48
曹操见状大怒，亲自率军追赶,对手,曹操,0,赵云,11
赵云早已安排弓弩手于寨外壕中埋伏，云大开寨门，匹马单枪，立于寨外,君主,赵云,0,曹操,0
曹操追到蜀营，赵云巍然不动，曹操怕有埋伏，命军士退回，云把枪一招，壕中弓弩齐发，曹军败退，曹操弃了北山粮草，忙回南郑,对手,曹操,0,赵云,24
刘备闻报，称赞道：“子龙一身都是胆也！”从此号赵云为虎威将军,君主,刘备,0,赵云,34
建安二十四年（公元219年），刘备与曹操争夺汉中，孔明针对曹操多疑特点，采用疑兵之计,对手,刘备,17,曹操,22
当曹操率军刚到汉水，孔明即命赵云领兵五百，伏于曹营附近，乘夜擂鼓吹角，使曹兵惊慌,君主,诸葛亮,27,赵云,36
操疑劫寨，出营却不见一人，刚要回营休息，号炮又响，使曹兵彻夜不安,对手,曹操,0,诸葛亮,0
一连三夜，曹操心怯，拔寨后退三十里,对手,曹操,0,诸葛亮,0
孔明又请刘备率军亲渡汉水，背水结营，故意败退，操疑而不追，蜀军趁势掩杀，曹军大败，曹操退至阳平关,君主,诸葛亮,0,刘备,16
孔明再派张飞、魏延分兵两路去截曹兵粮道；命黄忠、赵云各领一军放火烧山,君主,诸葛亮,0,张飞,18
曹操惊惧，弃关而走，退兵斜谷,对手,曹操,0,诸葛亮,0
曹操怕人谋害，常告诫左右：“孤梦中好杀人，孤睡熟之后，尔等切勿靠近,君主,曹操,0,杨修,0
一日，操白日于帐中入睡，被子落于地，近侍慌忙拾起被子，为操覆盖，曹操跃起，拔剑斩之，复上床睡觉,君主,曹操,0,近侍,70
半晌后，操起床，假作吃惊，问道：“何人杀我近侍？”,君主,曹操,0,近侍,48
众人以实情报知，操很痛惜，命厚葬之,君主,曹操,0,近侍,33
左右皆以为操果有梦中杀人之事，只有行军主簿杨修知其意，临葬时修对徐晃言道：“魏王非在梦中，此公乃在梦中也！”,同僚,杨修,57,徐晃,75
曹操知后甚恨杨修,君主,曹操,0,杨修,11
曹军连战皆败，进军还是退兵，曹操正为此犹豫不决,对手,曹操,0,诸葛亮,0
厨师送来鸡汤，他随手捏起一块鸡肋咂吮，有感于怀，正沉吟间，夏侯惇进帐，请示夜间营中口令，操随口回答：“鸡肋,同族,曹操,63,夏侯惇,57
惇传令众官，都以“鸡肋”为夜间口令,同族,夏侯惇,0,曹操,0
杨修闻此，揣知曹操心欲退兵，便教随行军士收拾行装，准备归程,同僚,杨修,0,曹操,22
夏侯惇请教杨修：“鸡肋不知何意？”,同族,夏侯惇,0,杨修,22
杨修说：“鸡肋者，食之无肉，弃之有味,同僚,杨修,0,夏侯惇,0
魏王以此比喻汉中，进不能胜，退恐蜀人笑，在此久留无益，不如早归，来日魏王必定班师,君主,杨修,16,曹操,48
夏侯惇很钦佩杨修，亦收拾行装,同族,夏侯惇,0,杨修,18
当夜，曹操心乱，手提钢斧，出帐巡视，只见营中军士都在准备行装，大惊，急召夏侯惇问其故，惇答：“主簿杨修先知大王欲退兵之意,同族,曹操,0,夏侯惇,57
操大怒，他素来忌恨杨修，遂以扰乱军心为由，将杨修斩首,君主,曹操,0,杨修,43
曹操杀了杨修，强行进兵与刘备决战，果未出杨修所料，遭致惨败，自己又被黄忠射掉两颗门牙，险些丢了性命，他不得不放弃汉中，退守长安,对手,曹操,0,刘备,38
建安二十四年（公元219年）秋，刘备在诸葛亮和文臣武将的推尊之下，于沔阳登坛受贺，晋位汉中王,君主,刘备,33,诸葛亮,22
并立公子刘禅为王世子,父子,刘备,0,刘禅,14
封诸葛亮为军师，总理军国重事,君主,刘备,0,诸葛亮,18
封关羽、张飞、赵云、马超、黄忠为五虎大将,君主,刘备,0,关羽,18
曹操闻报大怒，意欲再次兴兵征讨,对手,曹操,0,刘备,11
司马懿献计派满宠持书去见孙权，陈说利害，使其起兵攻荆州，待刘备发西川之兵救援时，再进兵取汉中,对手,司马懿,0,诸葛亮,0
孙权采纳顾雍、诸葛瑾计策，一面知会曹操，首尾相击，一面派诸葛瑾去荆州说亲，亲事成便共议破曹，若关羽不肯，再助曹操取荆州,同僚,顾雍,11,诸葛瑾,14
关羽以虎女安肯嫁与犬子之名，将诸葛瑾轰出府门,君主,关羽,0,诸葛瑾,37
孙权大怒，要即日兴兵攻取荆州,对手,孙权,0,关羽,11
步骘识破曹操用心，献暗取荆州之策，权从之,同僚,步骘,0,孙权,44
孔明得知此事，派费诗送官诰与云长，令其先进兵攻取樊城，令敌军胆寒，攻势自然瓦解,君主,诸葛亮,0,关羽,35
谁知关羽知黄忠也在五虎上将之列，大为不悦，经费诗陈说道理，关羽方遵王命，刻日起兵,同僚,关羽,0,黄忠,19
关羽围住樊城，随军司马王甫进谏，应防东吴乘机进犯荆州,同僚,王甫,18,关羽,0
关羽早已虑及此事，即命其传令，自荆州至此，沿江上下，每隔二三十里便筑一烽火台，每个以五十兵士把守,君主,关羽,0,王甫,39
若吴兵渡江，夜则明火，昼则举烟为号，便可引兵击之,对手,关羽,0,孙权,0
王甫又一次提醒关羽提防傅士仁、糜芳二人变心，关羽不耐烦，王甫只好怏怏退出,同僚,王甫,0,关羽,30
关羽攻破襄阳、围住樊城的消息传至长安，曹操大惊，即命于禁、庞德统帅七军前往救援,对手,关羽,0,曹操,52
庞德与关羽大战一百余合，未分胜负,对手,庞德,0,关羽,14
于禁怕他占得头功，下令鸣金收兵,同僚,于禁,0,庞德,11
庞德不服，决定明日与关羽决一死战,对手,庞德,0,关羽,27
次日，关、庞再战，庞德使拖刀计，摘弓射中关羽右臂,对手,庞德,20,关羽,24
关平救起关羽，庞德正要追赶，于禁又下令收兵,父子,关羽,11,关平,6
关平紧闭营门，任凭庞德叫骂，坚守不出,父子,关羽,0,关平,0
庞德接连挑战十余日，不见动静，便欲率七军杀入寨中,对手,庞德,0,关羽,0
于禁不允，反而移兵依山下寨,同僚,于禁,0,庞德,0
箭伤初愈的关羽观其阵势大笑，令廖化等分头去上游堵住各处水口，待天降大雨，水势大涨之时，便乘高就船，放水淹七军,对手,关羽,0,于禁,78
七军被淹死者不计其数，于禁投降,对手,于禁,23,关羽,0
庞德、成何及部众二百余人侥幸存活，又被关羽围在残堤上，成何被关羽一箭射死,对手,庞德,0,关羽,68
庞德被周仓擒住，关羽好言劝降，庞德不从，被斩,同僚,周仓,11,关羽,27
关云长水淹七军，擒于禁、斩庞德，威名大震,对手,关羽,0,曹操,0
曹操惧其乘势进兵许都，遂生迁都之念，以避其锋,对手,曹操,0,关羽,18
司马懿不以为然，并献计再遣使去东吴，令孙权暗中偷袭关羽，事成之后割江南之地以封孙权,同僚,司马懿,0,曹操,24
曹从之，并派徐晃率精兵五万先到阳陵坡驻扎，待吴兵策应时，及时征进,同僚,曹操,0,徐晃,26
关羽箭伤日渐加剧，正当关平等焦急之时，华佗来到,父子,关羽,0,关平,20
华佗细看关羽伤处，发现箭毒已直透肌骨，需刮骨疗毒，便欲用标柱与铁环架起关羽的臂肘，以便施术,同僚,华佗,0,关羽,31
关羽大笑，只让关平备几杯酒，与马良对弈，便请华佗动手刮骨,父子,关羽,15,关平,24
华佗灵巧地运刀施术，发黑的血淅沥有声地滴入盆中，利刃刮骨的沙沙声，声声在耳，关羽依然谈笑自若，饮酒弈棋,同僚,华佗,0,关羽,76
帐内外将士们屏住声息，看着华佗和关羽，无不肃然起敬,同僚,华佗,39,关羽,44
华佗治疗完毕，如释重负，由衷赞叹关羽：“将军真乃天神也！”,同僚,华佗,0,关羽,40
曹操与孙权暗中联合，商定从水旱两路夹攻荆州,对手,曹操,0,关羽,40
旱路由徐晃率五万大军南下，水路由吕蒙筹划进兵,同僚,徐晃,16,曹操,0
当吕蒙得知关羽早已在沿江上下布设了烽火台，以防吴军偷袭时，大为惊讶，突然抱病在家，不能处理军务,对手,吕蒙,0,关羽,19
孙权闻此甚为焦急,对手,孙权,0,关羽,0
陆逊看出吕蒙心思，在探病之时，与其共同定下偷袭荆州之计,同僚,陆逊,0,吕蒙,15
徐晃奉曹操之命挥师南进，攻击关羽以救樊城,对手,徐晃,22,关羽,35
关平、廖化北上迎敌，却连丢十二营寨，只得逃回复命,父子,关羽,0,关平,0
又听人说荆州已被吕蒙暗出奇兵夺去，众人大惊,对手,吕蒙,33,关羽,0
关羽仍主观认为这是敌人造谣乱军，不以为意,对手,关羽,0,吕蒙,0
徐晃率军杀来，关羽披挂上马，樊城外一场激战,对手,徐晃,0,关羽,15
曹仁用满宠之计，率军出城夹击关羽，蜀军两面受敌，首尾难顾，阵容大乱，士兵纷纷夺路奔逃，关羽只好率众将急渡襄江，但已是人困马乏了,对手,曹仁,0,关羽,31
就在他准备暂到襄阳整顿兵马，再来决战之时，探马飞报荆州已失的消息，众人大惊,对手,关羽,0,吕蒙,0
关羽此时方沉然无语，懊恨交加，右臂伤口一阵剧痛，沉吟半晌才说：“且回公安，再作计议！”,对手,关羽,0,吕蒙,0
行至三岔路口，赵累迎上，报知公安守将傅士仁已献出城池，投降东吴，南郡糜芳也降了东吴的消息，关羽怒气上冲，大叫一声昏厥马下,同僚,赵累,0,关羽,11
关羽醒后采纳赵累意见，一面派马良去成都求救，一面从旱路去取荆州，并致书吕蒙，责其背信弃义,对手,关羽,79,吕蒙,84
吕蒙有意让信使见到荆州兵家属，带回家书，以瓦解关羽部众斗志，果然收效,对手,吕蒙,0,关羽,58
关羽率余部将士向荆州进发，一路上又连遭吴军阻击，关羽部众陷入重围，后经关平、廖化救出，只好转道麦城暂屯一时，以待川中救兵,父子,关羽,0,关平,86
吴军四路人马将麦城围住，关羽命廖化前往上庸求救,对手,关羽,35,吕蒙,0
上庸守将孟达、刘封因恨昔日关羽傲慢，迟迟不肯发兵,同僚,孟达,12,刘封,15
诸葛瑾奉孙权之命说降关羽，被关羽轰出城外,对手,诸葛瑾,0,关羽,30
吕蒙设计三面围城紧攻，关羽被迫弃城出走,对手,吕蒙,0,关羽,24
关羽留王甫、周仓等死守麦城，随后带领关平、赵累等冲出麦城直奔西川，准备日后再重整兵马恢复荆襄,父子,关羽,0,关平,65
约走了四五里，遭遇东吴朱然埋伏，关羽不敢恋战，往小路退走，赵累已死于乱军之中,同僚,赵累,0,关羽,64
此时关羽所随士兵逐渐减少，只剩十余人,对手,关羽,0,吕蒙,0
关羽不胜悲惶，令关平断后，自己在前开路,父子,关羽,0,关平,17
突然数道绊马索，终于绊倒赤兔马，关羽父子被吴将马忠擒住,父子,关羽,48,关平,51
孙权爱关羽义勇无双，欲劝其归降,对手,孙权,0,关羽,11
主簿左咸以曹操之事说之,同僚,左咸,0,孙权,16
孙权沉吟无语，终于点点头，一代名将关羽和关平父子俩便在雪后初晴之时，大义凛然步履从容地走向生命的终点,父子,关羽,77,关平,80
关羽惨死，刘备惊魂，张飞哭天喊地，暴跳如雷，嚷着一定要替二哥报仇雪恨,兄弟,刘备,0,关羽,4
东吴谋臣张昭闻知孙权杀了关羽，大惊失色，闯进荆州府衙，陈说诛杀关羽的利害,同僚,张昭,4,孙权,23
孙权方悟，跌足连说失算矣！,君主,孙权,0,张昭,0
张昭献计将关羽的首级转送曹操，让蜀兵向魏而不向吴,同僚,张昭,0,孙权,22
曹操接其首级说：“云长公，别来无恙！”,对手,曹操,0,关羽,29
谁知关羽首级忽然睁眼，曹操吓得跌坐在地,对手,曹操,27,关羽,18
吴使说出关羽附身吕蒙，致使吕蒙七窍流血而死之事,对手,关羽,11,吕蒙,22
曹操叹道：“活关羽可怕，死关羽也可怕，死了还活更可怕！”,对手,曹操,0,关羽,27
便赐封关羽为“荆王”，以大臣之礼厚葬关羽，使刘备深恨孙权而攻之，魏则可观其胜负，吴败征吴，蜀败征蜀,对手,曹操,0,关羽,20
刘备为替二弟报仇，意欲兴兵伐吴，孔明谏曰：吴、魏各怀鬼胎，都想从中渔利，眼下只宜按兵不动，待魏、吴不和之时，乘机伐之，方为上策,君主,刘备,0,诸葛亮,42
刘备在祭奠关羽时，举剑发誓：孤与东吴，誓不同日月！,兄弟,刘备,24,关羽,28
曹操头痛病日益严重，华歆举荐华佗为其诊治，华佗诊断曹操头痛因患风而起，要先饮麻沸汤，然后用利刃打开头颅，取出风涎，方可根治,同僚,华歆,0,曹操,25
曹操闻之大怒，认为华佗与关羽交情深厚，要乘机杀他与关羽报仇，便将其下入大狱，严刑拷打,同僚,华佗,0,关羽,57
吴押狱深为华佗的医德感动，华佗临死前将一生所著医书《青囊书》交给他，让其妥善保存，流传后世，用以济世救人,同僚,吴押狱,0,华佗,12
吴押狱之妻目睹一代名医华佗的惨死，深怕吴押狱也重蹈华佗的复辙，便在乱葬岗将《青囊书》焚烧，待吴押狱跑来时，只抢得几支残简，望着满天的灰烬，泣不成声,配偶,吴押狱,0,吴押狱之妻,4
曹操讳忌医治，头痛痼疾日益严重，华歆、贾诩屡谏曹操相信华佗，曹操深疑不允，连夜惊梦他所害之人前来索命，惊叫不已，自觉天命已尽，召曹洪、陈群、贾诩、司马懿等人托孤立嘱，令待操死后，设七十二座疑冢，不让后人知其葬于何处,同僚,华歆,34,贾诩,37
建安二十五年（公元220年），一代奸雄曹操病逝于洛阳，享年六十六岁,同族,曹操,0,曹丕,0
建安二十五年（公元220年），曹操病逝洛阳，其子曹丕继承魏王之位,父亲,曹操,24,曹丕,36
为保其位，曹丕用计收缴了其弟鄢陵侯曹彰的全部兵马，令其回鄢陵自守,兄弟,曹丕,25,曹彰,36
临淄侯曹植、萧怀侯曹熊未来奔丧，曹丕大怒，当即遣使前往问罪,兄弟,曹丕,39,曹植,12
曹植醉卧榻上，神色忧郁，与丁仪等人持爵饮酒作歌，根本不把魏王使臣放在眼里，命人乱棍打出,同僚,曹植,0,丁仪,35
曹丕震怒，令虎侯许褚率三千虎卫军前往捉拿曹植、丁仪等人,同僚,曹丕,0,许褚,24
曹丕将丁仪斩首，正欲对曹植动刑之时，传来萧怀侯曹熊自缢身亡的消息,兄弟,曹丕,44,曹熊,68
其母卞氏昏厥于地，待醒转来时，质问曹丕欲将曹植怎样？,母亲,曹丕,37,卞氏,4
曹丕无奈，限曹植在七步之内成诗一首，不成则处死,兄弟,曹丕,11,曹植,24
曹植却当场成诗一首，情真意切，悲怆凄凉,兄弟,曹植,0,曹丕,0
曹丕也受其感，饶曹植一命，贬为安乡侯,兄弟,曹丕,0,曹植,20
曹丕清完家门之后，骄矜傲然，不可一世,父亲,曹丕,0,曹操,0
华歆、李伏等借祥瑞之说怂恿曹丕篡汉，曹丕早有此心，遂使华歆逼献帝禅位,同僚,华歆,0,曹丕,31
曹皇后得知，怒斥其兄大逆不道,配偶,曹丕,0,曹皇后,0
华歆等上殿逼宫，献帝先是不从，却见曹洪杀死祖弼，无奈，只好从命,同族,曹丕,0,曹洪,50
并在曹丕的屡次逼迫下，答应亲奉玉玺，禅位与魏王，以释群疑而绝众议,君主,献帝,0,曹丕,19
公元220年，曹丕身加帝服，端坐受禅坛上，华歆等众臣均呼万岁,同僚,华歆,46,曹丕,17
自即日起改延康元年为黄初元年，国号大魏，谥父曹操为太祖武皇帝,父亲,曹丕,70,曹操,74
汉献帝被扒下冕服，封为山阳公，非宣召不得入朝,君主,献帝,0,曹丕,0
曹丕自立为大魏皇帝后，汉中王刘备为灭魏兴刘大业，听从诸葛亮及群臣之议，于公元221年登坛告祭，受皇帝玉玺，改元章武元年，即皇帝之位，立刘禅为太子，封诸葛亮为丞相,对手,曹丕,12,刘备,30
张飞来到成都，哭喊着质问刘备做了皇帝，忘了桃园结义之情，不给关羽报仇,兄弟,张飞,0,刘备,22
这又助长了刘备久欲为二弟报仇兴兵伐吴的决心,兄弟,刘备,30,关羽,45
虽经孔明等众臣百般劝阻，均无作用,君主,刘备,0,诸葛亮,17
刘备抽剑砍断案角，即日伐吴,君主,刘备,0,诸葛亮,0
张飞回到阆中，命范彊、张达三日内办齐白旗白甲，大小三军要挂孝伐吴，报仇雪恨,兄弟,张飞,0,关羽,0
刘备命诸葛亮保太子留守西川；马超、马岱、魏延守汉中，以挡魏兵,君主,刘备,0,诸葛亮,13
赵云为后应兼督粮草，黄忠为前部先锋，共集兵马七十五万，定章武元年七月丙寅日出师，兴兵伐吴,君主,刘备,0,赵云,0
诸葛亮断定此举必定失利，只有无奈地看着刘备的龙凤车辇驶出宫门,君主,诸葛亮,0,刘备,39
范彊、张达二人走遍四乡八镇，怎奈白布短缺，一时难以备齐白旗白甲,同僚,范彊,0,张达,3
张飞大怒，各鞭五十，自己在帐中举杯暴饮，放声哭喊二哥不止，并赐范、张美酒一罐，如再不备齐定斩不赦,兄弟,张飞,58,关羽,64
二人为保性命，当夜各藏短刀摸到张飞大帐，杀死张飞，携其首级投奔东吴,同僚,范彊,7,张飞,50
刘备在行营思念关羽，彻夜未眠,兄弟,刘备,12,关羽,20
又听张苞带来张飞被害的噩耗，大叫一声，昏厥过去,父子,张飞,36,张苞,24
刘备醒后，令关兴、张苞在其父灵前折箭为誓，结为兄弟，永相救护，共报父仇,父子,关羽,32,关兴,20
孙权闻知刘备兴大军水陆并进杀来，大惊失色,对手,孙权,0,刘备,15
诸葛瑾自告奋勇去蜀营见刘备陈说利害，使两国相和，共讨曹丕,同僚,诸葛瑾,0,孙权,0
刘备仇迷双眼，不辨大小，将诸葛瑾斥出营去,君主,刘备,0,诸葛瑾,38
孙权闻知跌坐榻上，愁锁眉间,君主,孙权,0,诸葛瑾,0
赵咨献计，愿为使往见曹丕请降,同僚,赵咨,0,孙权,13
刘晔劝曹丕乘此时渡江攻吴，吴国可得,同僚,刘晔,0,曹丕,13
曹丕为不让天下欲降者心寒，收纳了东吴，并册封孙权为吴王，加九锡，坐观吴蜀交兵,对手,曹丕,0,孙权,62
孙权为权宜之计，受吴王爵位，但面对蜀国大军压境仍满脸忧愁，慨叹吕蒙死后无人替他分忧,君主,孙权,0,吕蒙,63
小将孙桓闻此奋然而出，愿领兵二万五千前往宜都迎战刘备七十五万大军,同族,孙权,0,孙桓,6
孙桓与刘备会战彝陵，被张苞、关兴杀得惨败，逃入宜都城，孙权甚急,对手,孙桓,0,刘备,17
张昭劝孙权命韩当、周泰、凌统、甘宁等十多位战将起兵十万拒敌,同僚,张昭,0,孙权,11
老将黄忠手持大刀，抖擞雄威，连斩数名吴将，后中吴军伏兵，被一箭射中，殒于沙场,君主,黄忠,0,刘备,0
五虎上将，已亡三人,君主,刘备,0,黄忠,0
刘备悲痛已极，默立山坡，良久不语，传谕大小三军分兵八路，水陆并进，准备会战猇亭,君主,刘备,0,黄忠,0
猇亭大战，吴军惨败，甘宁亦被射死,对手,甘宁,22,刘备,0
关兴杀潘璋，夺得其父的青龙偃月刀，割下潘璋的人头祭父,父子,关羽,30,关兴,0
刘备声势浩大，兵至猇亭，江南之人，尽皆胆寒,对手,刘备,0,孙权,0
吴王孙权特擒范彊、张达二人，并同张飞首级遣使送回，上表求和,君主,孙权,4,刘备,0
刘备杀范彊、张达以祭张飞，但仍把孙权视为切齿仇人，定下先灭吴后灭魏的错误决定，驱逐吴使,兄弟,刘备,23,张飞,30
孙权病卧榻上，阚泽力荐陆逊为擎天之柱，孙权允之，筑坛拜将，尊陆为大都督，统管六郡八十一州兼荆楚诸路军马,君主,孙权,21,陆逊,32
陆逊拜印接剑，率众兵水陆并进开赴猇亭,君主,陆逊,0,孙权,0
吴将韩当、周泰视陆逊为孺子，颇有不服,同僚,韩当,6,周泰,9
蜀主刘备欺陆逊年少，将大军七十五万，连营七百里,对手,刘备,7,陆逊,20
陆逊则坚守不出，以待其变，与蜀军对峙于彝陵,对手,陆逊,0,刘备,38
蜀军自春至夏，屯扎在平原之上，赤日如火，取水艰难，苦不堪言,君主,刘备,0,陆逊,0
刘备传谕各营，移至山林茂密之地，近溪傍涧，待夏过秋到，再并力进兵,君主,刘备,0,陆逊,0
马良劝阻不成，便请命将移营图本问于诸葛丞相,同僚,马良,0,诸葛亮,49
陆逊闻刘备移营之事，大喜,对手,陆逊,0,刘备,13
吴将丁奉、徐盛请命出击，陆逊哂笑不允，只说“三日内便知分晓”，众将气恼而退,同僚,丁奉,6,徐盛,9
三日之内，蜀军往吴营骂阵，众吴将气恼异常，纷纷请求出战，陆逊不允；吴王接陆逊奏表后，愁云顿开；魏王闻刘备连营七百里，大笑玄德不懂兵法，必败于陆逊之手；诸葛亮见马良所呈移营图本叫苦不迭，哀叹“汉朝气数休矣”！命马良速返并嘱言：如有失，当投白帝城暂避,对手,陆逊,127,刘备,91
三日后，陆逊升帐，调兵遣将，准备火烧蜀军连营,对手,陆逊,0,刘备,30
当冲天大火升腾之时，刘备方才醒悟，但为时已晚，七百里连营、七十五万将士转眼间被置于一片火海之中,对手,刘备,30,陆逊,0
吴将朱然率军追杀刘备,对手,朱然,0,刘备,13
关兴、张苞纵马突围，均被乱箭射回,父子,关羽,0,关兴,0
正当刘备性命危急之际，赵云冲进重围，救出刘备,君主,赵云,0,刘备,40
陆逊乘胜率大队人马向西追击，行至鱼腹浦之时，只见前面有一石阵，隐隐透着杀气，陆逊带众将进阵探查,对手,陆逊,0,刘备,0
不多时，阵内狂风大起，陆逊等迷失了路径，忽见诸葛亮岳父黄承彦从阵中走出，忙请他领众人出阵，方知此“八阵图”是诸葛亮入川之时所布，可比十万精兵,师傅,诸葛亮,86,黄承彦,73
陆逊闻此，惊叹孔明用兵之神，遂退兵不追,对手,陆逊,0,诸葛亮,22
刘备自败入白帝城后，便一病不起，日夜思念云长、翼德两弟，几次昏厥之后，自知将不久于人世，便急召孔明等听受遗命,兄弟,刘备,38,关羽,52
刘备卧榻托孤，孔明与众臣无不为其所感，泣拜于地,君主,刘备,7,诸葛亮,18
蜀汉章武三年（公元223年）四月二十四日，刘备病故于白帝城，享年六十三岁,君主,刘备,0,诸葛亮,0
孔明奉梓宫还成都，太子刘禅出城迎灵，入城举哀,君主,诸葛亮,0,刘禅,26
孔明辅佐太子刘禅即皇帝位，改元建兴,君主,诸葛亮,0,刘禅,15
禅加封诸葛亮为武乡侯、领益州牧,君主,刘禅,0,诸葛亮,16
葬先主于惠陵，谥曰昭烈皇帝,君主,刘禅,0,刘备,15
消息传至魏国，曹丕以为有机可乘，依司马懿之计，兵分五路，共五十万大军，自四面夹攻西蜀,对手,曹丕,16,诸葛亮,0
刘禅闻讯大惊，请诸葛亮入朝商议退兵之计，孰知诸葛染病，不能入宫,君主,刘禅,0,诸葛亮,24
刘禅六神无主，采纳董允之见，亲往丞相府探病、问计,同僚,董允,23,刘禅,0
见孔明神态悠闲，毫无病态，不解其意,君主,刘禅,0,诸葛亮,11
孔明见刘禅亲至，乃详述退兵之计，告知五路大军可退其四，不足为忧；东吴一路，需遣能言之士前往陈说利害，阻其兴兵，只是尚未有合适人选；同时，已密遣赵云、魏延、马超、关兴、张苞等数路兵马，预作部署,君主,诸葛亮,0,刘禅,13
刘禅兴奋而返,君主,刘禅,0,诸葛亮,0
诸葛亮送刘禅出府之时，见尚书邓芝仰天而笑，乃请其进府，以出使东吴一事相托，邓芝欣然领命,同僚,诸葛亮,0,邓芝,45
此时，东吴正为是否出兵伐蜀一事争论不休,对手,孙权,0,诸葛亮,0
孙权一时难以决断，依张昭之言，在殿前立一沸油之鼎，以待邓芝,同僚,张昭,31,孙权,18
邓芝昂然而立，不为所动，陈说吴、蜀、魏三国之势，论证吴蜀联合之利、吴魏联合之弊,同僚,邓芝,0,诸葛亮,0
孙权从其言，决心与蜀结盟抗魏并遣使张温入蜀答礼，代其达意,君主,孙权,0,诸葛亮,0
诸葛亮盛情款待张温,君主,诸葛亮,0,张温,20
张温傲慢少礼，得意洋洋，蜀臣多有不悦,同僚,张温,0,诸葛亮,0
蜀益州学士秦宓气愤之极，在酒宴上以学识打掉张温的傲气,同僚,秦宓,6,诸葛亮,0
张温归后，赞蜀主与诸葛丞相仁德宽厚，愿与吴王永结盟好,君主,张温,0,诸葛亮,35
孙权大喜，自此吴蜀重结同盟,君主,孙权,0,诸葛亮,0
吴蜀联盟，触怒曹丕，丕依司马懿之策，命曹真为先锋，张辽、张郃、文聘、徐晃为大将，亲率水陆军马三十万征伐东吴,对手,曹丕,13,孙权,40
加封司马懿为尚书仆射，留驻许昌，决断国政大事,同僚,司马懿,11,曹丕,0
吴主孙权闻知，派信使请蜀出兵伐魏,盟友,孙权,8,诸葛亮,35
诸葛亮遂派赵云率兵出阳平关，袭击魏国，以分其势,君主,诸葛亮,0,赵云,18
曹丕、曹真正待袭击吴营之时，中东吴徐盛火攻之计，一排排满载苇草的竹筏，火势熊熊，直扑曹军大船,同族,曹丕,0,曹真,3
曹真急保曹丕乘小船逃命，乱军中张辽中箭身亡，魏兵大败,同族,曹真,0,曹丕,15
曹丕厚葬张辽，正欲整军再战之时，传来蜀将赵云兵出阳平关直取长安的消息，丕急令退军,对手,曹丕,0,赵云,68
正当赵云节节胜利之时，蜀国南方发生暴乱，诸葛亮疾书，催赵云火速撤军，返回成都,君主,诸葛亮,0,赵云,48
建兴三年（公元225年），蜀国建宁太守雍闿结联南王孟获，起兵十万反叛,对手,雍闿,25,孟获,39
牂牁、越嶲两郡太守投降，永昌郡被围，其势甚急，消息传到成都，诸葛亮决定亲自率军南征，平息叛乱,君主,诸葛亮,0,孟获,0
蜀军到达云南后，诸葛亮先用反间计除掉叛军首领雍闿、朱褒，收降了高定，率军进入永昌城，与南王孟获交战,对手,诸葛亮,70,孟获,84
诸葛亮采用马谡的建议，决定此次南征，以“攻心为上，攻城为下,君主,诸葛亮,0,马谡,15
孟获派三位元帅攻打永昌，不想尽皆失利，诸葛亮擒得董荼那、阿会喃二帅，以礼待之，将他二人放回，然后设下埋伏，命王平诈败，诱孟获追赶，赵云、魏延抄其后路，孟获被魏延生擒,对手,孟获,0,诸葛亮,49
孟获不服，诸葛亮便命军士把兵器坐骑还他，放他回去,对手,孟获,0,诸葛亮,22
孟获回洞与部下商议，想凭借泸水天险，固守南岸，将所有船只拘留于南岸，在沿河一带筑起土城,对手,孟获,0,诸葛亮,0
因泸水甚急，难于强渡，诸葛亮派马岱领三千军士从泸水下游沙口偷渡，断孟粮草,君主,诸葛亮,0,马岱,31
未料泸水瘴气有毒，使很多军士丧生，只好撤军,对手,孟获,0,诸葛亮,0
诸葛亮正在忧急，阿会喃从敌营奔至，对诸葛亮道：“泸水内有瘴气，太阳一照，毒气蒸发，此时人若涉水，必中毒身亡,同僚,阿会喃,0,诸葛亮,31